Date,Open,High,Low,Close,Adj Close,Volume,indicator,7dayMA
2018-01-02,24.07,24.57,23.85,24.51,24.51,15297200,0.0,24.51
2018-01-03,24.559999,24.68,24.07,24.450001,24.450001,12832600,0.0,24.480000500000003
2018-01-04,24.5,24.59,23.690001,23.99,23.99,17653500,0.0,24.316667
2018-01-05,24.07,24.57,23.879999,24.32,24.32,14953200,1.0,24.317500250000002
2018-01-08,24.370001,24.780001,23.879999,24.59,24.59,17831300,1.0,24.372000200000002
2018-01-09,24.629999,24.709999,24.07,24.17,24.17,12587100,0.0,24.338333500000005
2018-01-10,24.0,24.42,23.76,24.25,24.25,10420700,1.0,24.325714428571434
2018-01-11,24.299999,24.370001,23.9,24.35,24.35,11670400,1.0,24.32918379591837
2018-01-12,24.940001,25.85,24.93,25.41,25.41,37046100,1.0,24.483586110787176
2018-01-16,25.58,25.709999,24.51,24.66,24.66,32340700,0.0,24.508788094960437
2018-01-17,24.84,24.950001,24.219999,24.559999,24.559999,17026700,0.0,24.51610393853752
2018-01-18,24.5,24.52,23.719999,24.040001,24.040001,21118500,0.0,24.448089233032157
2018-01-19,24.120001,24.219999,23.5,23.66,23.66,17529700,0.0,24.335505056884703
2018-01-22,23.17,23.5,22.860001,23.32,23.32,23010600,0.0,24.190432905901172
2018-01-23,22.51,23.17,22.41,22.75,22.75,35321200,0.0,23.98465677648672
2018-01-24,22.84,23.049999,22.1,22.370001,22.370001,23186500,0.0,23.753991665560047
2018-01-25,22.5,22.68,22.040001,22.16,22.16,15501700,0.0,23.526278570480038
2018-01-26,22.389999,24.35,22.299999,24.27,24.27,49683900,1.0,23.63252448898289
2018-01-29,24.4,25.549999,24.1,25.18,25.18,52739600,1.0,23.853592419128194
2018-01-30,24.83,26.4,24.549999,25.620001,25.620001,52388100,1.0,24.10593650210988
2018-01-31,25.610001,26.65,25.139999,25.809999,25.809999,40451900,1.0,24.349374001808467
2018-02-01,25.52,27.33,25.440001,27.139999,27.139999,47582600,1.0,24.748034715835825
2018-02-02,26.559999,27.030001,25.700001,25.92,25.92,32492100,0.0,24.91545832785928
2018-02-05,25.370001,26.639999,24.1,25.129999,25.129999,33918400,0.0,24.946106995307954
2018-02-06,24.59,25.58,24.200001,25.24,25.24,26646500,1.0,24.988091710263962
2018-02-07,25.83,27.08,25.76,26.91,26.91,48909300,1.0,25.26265003736911
2018-02-08,34.150002,35.0,29.709999,30.18,30.18,162434400,1.0,25.965128603459238
2018-02-09,30.370001,31.809999,29.68,31.51,31.51,67181200,1.0,26.757253088679345
2018-02-12,31.440001,31.9,30.860001,30.950001,30.950001,37001000,0.0,27.356217076010864
2018-02-13,30.67,33.650002,30.639999,33.439999,33.439999,57653000,1.0,28.225328779437884
2018-02-14,32.849998,33.98,32.549999,33.75,33.75,39339200,1.0,29.014567525232472
2018-02-15,34.029999,34.380001,33.060001,33.610001000000004,33.610001000000004,32020500,0.0,29.671058021627832
2018-02-16,33.369999,33.5,32.68,33.060001,33.060001,27627000,0.0,30.155192732823856
2018-02-20,32.880001,33.57,32.68,32.84,32.84,22766700,0.0,30.538736628134735
2018-02-21,33.029999,34.060001,32.650002,33.380001,33.380001,29589300,1.0,30.944631538401204
2018-02-22,33.43,33.450001,31.629999,32.110001000000004,32.110001000000004,29184100,0.0,31.111112890058173
2018-02-23,32.200001,32.689999,31.969999,32.66,32.66,17283400,1.0,31.33238247719272
2018-02-26,32.700001,32.700001,31.959999,32.16,32.16,15766300,0.0,31.450613551879474
2018-02-27,31.91,32.209999,31.26,31.32,31.32,16544000,0.0,31.43195447303955
2018-02-28,31.5,32.849998,31.469999,31.860001,31.860001,24180100,1.0,31.493103976891042
2018-03-01,31.950001,32.560001,31.26,32.240002000000004,32.240002000000004,25032500,1.0,31.599803694478037
2018-03-02,31.93,33.029999,31.49,33.0,33.0,24918900,1.0,31.79983173812403
2018-03-05,32.900002,34.950001,32.580002,34.580002,34.580002,34840000,1.0,32.196998918392026
2018-03-06,34.580002,34.950001,33.860001000000004,34.43,34.43,22641000,0.0,32.515999072907455
2018-03-07,33.990002000000004,35.82,33.990002000000004,35.759998,35.759998,33656100,1.0,32.97942749106353
2018-03-08,35.419998,35.84,34.68,34.849998,34.849998,24845300,0.0,33.24665184948303
2018-03-09,35.200001,35.5,34.939999,35.349998,35.349998,19119500,1.0,33.54712987098545
2018-03-12,35.529999,35.73,34.830002,35.5,35.5,21078900,1.0,33.826111317987525
2018-03-13,35.400002,35.529999,33.900002,34.110001000000004,34.110001000000004,22096900,0.0,33.866666986846454
2018-03-14,34.299999,36.799999,34.09,36.599998,36.599998,41632800,1.0,34.25714284586839
2018-03-15,36.41,36.48,35.400002,35.799999,35.799999,20921800,0.0,34.47755086788719
2018-03-16,36.0,36.200001,35.52,35.580002,35.580002,13833800,0.0,34.63504388676045
2018-03-19,35.130001,35.74000200000001,34.41,34.98,34.98,22194800,0.0,34.684323331508956
2018-03-20,34.919998,34.950001,30.610001,31.35,31.35,82937600,0.0,34.20799142700768
2018-03-21,32.189999,33.150002,32.049999,32.73,32.73,43672100,1.0,33.99684979457801
2018-03-22,31.77,32.130001,31.18,31.200001,31.200001,29561900,0.0,33.59729996678116
2018-03-23,31.26,32.0,30.790001,31.030001,31.030001,24878100,0.0,33.23054297152671
2018-03-26,31.690001,32.470001,30.700001,31.91,31.91,25546300,1.0,33.04189397559432
2018-03-27,31.85,31.9,27.879999,28.07,28.07,80415500,0.0,32.33162340765227
2018-03-28,27.780001,29.110001,27.389999,28.450001,28.450001,47853600,1.0,31.777105920844804
2018-03-29,28.76,29.33,27.9,29.01,29.01,36828400,1.0,31.38180507500983
2018-04-02,28.370001,28.77,27.75,28.040001,28.040001,24353100,0.0,30.90440449286557
2018-04-03,28.360001,28.870001,27.219999,27.540001,27.540001,26071700,0.0,30.423775422456202
2018-04-04,26.85,28.34,26.6,28.25,28.25,22002000,1.0,30.11323607639103
2018-04-05,28.51,29.33,28.1,28.639999,28.639999,24407300,1.0,29.902773636906595
2018-04-06,28.280001,29.059999,27.969999,28.1,28.1,15318000,0.0,29.645234545919937
2018-04-09,28.1,28.790001,28.0,28.01,28.01,13973200,0.0,29.411629610788516
2018-04-10,28.360001,30.299999,28.280001,29.530001,29.530001,28667400,1.0,29.4285398092473
2018-04-11,29.459999,29.83,28.73,29.389999,29.389999,25287900,0.0,29.42303397935483
2018-04-12,29.889999,29.9,28.780001,29.0,29.0,17327000,0.0,29.36260055373271
2018-04-13,29.24,29.459999,28.43,28.76,28.76,12712600,0.0,29.276514760342327
2018-04-16,28.85,28.950001,28.360001,28.58,28.58,11505300,0.0,29.17701265172199
2018-04-17,29.450001,32.060001,29.43,31.84,31.84,46696000,1.0,29.557439415761706
2018-04-18,31.67,32.060001,31.07,31.540001,31.540001,25140000,0.0,29.84066249922432
2018-04-19,31.370001,32.279999,30.959999,31.540001,31.540001,22640100,0.0,30.083425142192272
2018-04-20,32.650002,33.119999,31.65,31.91,31.91,34819700,1.0,30.34436440759338
2018-04-23,32.509998,32.619999,30.85,31.219999,31.219999,29411000,0.0,30.46945506365147
2018-04-24,31.18,31.639999,29.629999,30.469999,30.469999,41265300,0.0,30.469532768844118
2018-04-25,31.35,32.0,28.139999,29.75,29.75,93090400,0.0,30.366742373294958
2018-04-26,30.35,31.42,30.120001,30.27,30.27,43784200,1.0,30.352922034252824
2018-04-27,30.17,30.32,28.59,29.0,29.0,37420100,0.0,30.15964745793099
2018-04-30,28.620001,30.75,28.43,30.309999,30.309999,41760200,1.0,30.181126249655136
2018-05-01,30.209999,31.059999,29.6,30.299999,30.299999,30679200,0.0,30.198108071132975
2018-05-02,30.0,31.219999,29.950001,30.549999,30.549999,22481700,1.0,30.248378203828263
2018-05-03,30.209999,31.02,29.969999,30.67,30.67,19813500,1.0,30.308609888995655
2018-05-04,30.219999,31.360001,29.85,31.040001,31.040001,21035200,1.0,30.413094333424848
2018-05-07,31.059999,31.84,30.879999,31.33,31.33,18517500,1.0,30.5440808572213
2018-05-08,31.200001,32.09,31.030001,31.85,31.85,19581200,1.0,30.730640734761113
2018-05-09,32.07,32.790001000000004,31.940001,32.459999,32.459999,20726500,1.0,30.977691915509528
2018-05-10,32.709999,33.779999,32.580002,32.869999,32.869999,20723500,1.0,31.248021499008168
2018-05-11,32.939999,33.099998,32.25,32.75,32.75,14482600,0.0,31.462589856292716
2018-05-14,33.07,33.580002,32.93,33.389999,33.389999,18007000,1.0,31.73793401967947
2018-05-15,33.169998,33.169998,32.360001000000004,32.75,32.75,15840800,0.0,31.882514874010976
2018-05-16,32.75,33.220001,32.669998,32.77,32.77,10868700,1.0,32.00929846343798
2018-05-17,32.779999,33.02,32.279999,32.580002,32.580002,10760200,0.0,32.0908275400897
2018-05-18,32.549999,32.970001,32.209999,32.630001,32.630001,10618900,1.0,32.16785232007688
2018-05-21,33.02,34.029999,32.900002,33.630001,33.630001,21328400,1.0,32.37673070292304
2018-05-22,33.779999,33.810001,32.830002,32.860001000000004,32.860001000000004,15003200,0.0,32.44576931679118
2018-05-23,32.700001,33.43,32.599998,33.419998,33.419998,13442700,1.0,32.58494484296387
2018-05-24,33.439999,33.759998,33.119999,33.52,33.52,14491900,1.0,32.71852415111189
2018-05-25,33.540001000000004,33.990002000000004,33.310001,33.630001,33.630001,10424400,1.0,32.84873512952448
2018-05-29,33.419998,34.830002,33.349998,34.040001000000004,34.040001000000004,22086700,1.0,33.018915968163846
2018-05-30,34.200001,34.66,34.080002,34.360001000000004,34.360001000000004,14588200,1.0,33.21049954414044
2018-05-31,34.389999,34.970001,34.25,34.700001,34.700001,14433200,1.0,33.423285466406085
2018-06-01,35.139999,36.689999,35.09,36.650002,36.650002,29583100,1.0,33.88424497120521
2018-06-04,36.450001,37.98,35.950001,37.880001,37.880001,32632800,1.0,34.45506726103304
2018-06-05,39.529999,40.16,39.189999,39.799999,39.799999,66122200,1.0,35.21862893802832
2018-06-06,39.419998,40.23,39.209999,40.099998,40.099998,147805700,1.0,35.915967375452844
2018-06-07,40.139999,40.16,38.639999,39.700001,39.700001,41573400,0.0,36.456543607531
2018-06-08,39.490002,41.259998,39.419998,41.209999,41.209999,34538900,1.0,37.135608663598006
2018-06-11,41.419998,41.689999,40.66,41.419998,41.419998,24605300,1.0,37.747664283084006
2018-06-12,42.470001,44.330002,42.41,43.490002,43.490002,51155000,1.0,38.567998242643434
2018-06-13,44.240002,44.549999,43.419998,44.07,44.07,35169200,1.0,39.35399849369437
2018-06-14,44.549999,46.799999,44.5,46.759998,46.759998,50949100,1.0,40.4119984231666
2018-06-15,46.619999,47.790001,45.639999,45.799999,45.799999,51489600,0.0,41.181712791285655
2018-06-18,45.34,46.259998,44.5,46.0,46.0,26025600,1.0,41.870039535387704
2018-06-19,45.189999,45.709999,43.57,44.950001,44.950001,39252000,0.0,42.31003403033232
2018-06-20,45.560001,46.919998,45.439999,46.130001,46.130001,31230200,1.0,42.855743597427704
2018-06-21,46.360001,46.869999,44.200001,45.240002,45.240002,32200300,0.0,43.19635194065232
2018-06-22,45.580002,46.009998,44.5,45.880001,45.880001,28628900,1.0,43.579730377701985
2018-06-25,45.470001,45.52,43.330002,44.169998,44.169998,31379300,0.0,43.66405432374456
2018-06-26,44.360001,45.32,43.509998,44.84,44.84,20194100,1.0,43.83204656320962
2018-06-27,45.5,46.220001,43.68,43.700001,43.700001,25875500,0.0,43.813182911322535
2018-06-28,43.650002,44.84,42.490002,44.790001,44.790001,18911200,1.0,43.952728352562175
2018-06-29,45.049999,45.200001,43.560001,43.669998,43.669998,24392900,0.0,43.91233830219615
2018-07-02,43.060001,45.0,42.75,44.98,44.98,16703600,1.0,44.06486140188242
2018-07-03,45.360001,45.48,43.799999,43.889999,43.889999,14237500,0.0,44.03988105875636
2018-07-05,44.07,45.110001,43.549999,45.060001,45.060001,16172000,1.0,44.185612478934026
2018-07-06,44.91,46.75,44.610001,46.650002,46.650002,23740700,1.0,44.53766812480059
2018-07-09,46.740002,46.900002,42.080002,44.139999,44.139999,107582400,0.0,44.480858249829076
2018-07-10,44.200001,45.259998,43.630001,43.75,43.75,38467400,0.0,44.37644992842492
2018-07-11,42.630001,44.099998,42.220001,43.869999,43.869999,35100100,1.0,44.304099795792794
2018-07-12,44.799999,45.34,44.360001,45.259998,45.259998,27078500,1.0,44.440656682108106
2018-07-13,45.279999,45.32,43.93,44.490002,44.490002,16426700,0.0,44.44770601323552
2018-07-16,44.299999,44.73,43.91,44.259998,44.259998,13012800,0.0,44.4208905827733
2018-07-17,43.59,45.259998,43.150002,44.709999,44.709999,20122300,1.0,44.46219178523426
2018-07-18,44.189999,44.75,42.740002,43.34,43.34,26536800,0.0,44.301878673057935
2018-07-19,43.27,43.869999,43.110001,43.439999,43.439999,13366800,1.0,44.178753005478235
2018-07-20,43.5,44.130001,43.23,43.419998,43.419998,10437700,0.0,44.070359433267065
2018-07-23,43.450001,43.849998,42.400002,43.310001,43.310001,15251200,0.0,43.961736799943196
2018-07-24,43.77,43.799999,41.59,42.169998,42.169998,22433900,0.0,43.70577411423703
2018-07-25,42.349998,44.389999,42.349998,44.220001,44.220001,25140700,1.0,43.77923509791746
2018-07-26,42.869999,43.41,42.139999,42.939999,42.939999,30018700,0.0,43.659344226786395
2018-07-27,37.25,37.470001,33.900002,34.119999,34.119999,122752800,0.0,42.296580622959766
2018-07-30,34.169998,34.259998,31.07,31.379999,31.379999,77852400,0.0,40.737068962536945
2018-07-31,31.950001,32.48,31.07,31.870001,31.870001,64392200,1.0,39.47034496788881
2018-08-01,32.25,32.59,31.459999,31.91,31.91,33231700,1.0,38.39029568676184
2018-08-02,31.58,32.869999,31.34,32.82,32.82,27088000,1.0,37.594539160081574
2018-08-03,32.580002,32.990002000000004,31.799999,31.959999,31.959999,26317000,0.0,36.78960485149849
2018-08-06,31.82,33.040001000000004,31.450001,32.98,32.98,27512400,1.0,36.2453755869987
2018-08-07,33.099998,33.610001000000004,32.549999,32.669998,32.669998,24635600,0.0,35.73460736028459
2018-08-08,32.75,32.779999,31.809999,31.84,31.84,22539400,0.0,35.178234880243934
2018-08-09,31.85,32.380001,31.610001,31.959999,31.959999,17662100,1.0,34.718486897351944
2018-08-10,31.65,32.25,31.469999,32.009998,32.009998,16073900,1.0,34.331559912015955
2018-08-13,32.040001000000004,33.619999,32.02,32.799999,32.799999,44235300,1.0,34.11276549601367
2018-08-14,33.400002,33.43,32.52,33.189999,33.189999,26442600,1.0,33.98094171086886
2018-08-15,32.810001,33.23,31.950001,32.380001,32.380001,26433400,0.0,33.75223589503045
2018-08-16,32.700001,33.150002,32.419998,32.830002,32.830002,20873200,1.0,33.620488195740386
2018-08-17,32.740002000000004,33.09,32.34,32.73,32.73,14874600,0.0,33.4932755963489
2018-08-20,32.790001000000004,32.939999,32.200001,32.599998,32.599998,16535700,0.0,33.365664511156204
2018-08-21,32.75,34.139999,32.599998,33.689999,33.689999,29575700,1.0,33.41199800956246
2018-08-22,33.450001,34.169998,33.349998,33.810001,33.810001,18576300,1.0,33.468855579624964
2018-08-23,33.900002,34.740002000000004,33.720001,33.880001,33.880001,25746300,1.0,33.527590639678536
2018-08-24,34.0,34.490002000000004,33.93,34.279999,34.279999,15214000,1.0,33.63507754829589
2018-08-27,34.66,36.0,34.48,35.889999,35.889999,28306300,1.0,33.957209184253614
2018-08-28,35.98,36.040001,34.889999,35.49000200000001,35.49000200000001,22281600,0.0,34.176179586503096
2018-08-29,35.41,35.599998,34.810001,35.349998,35.349998,17697200,0.0,34.343867931288365
2018-08-30,35.27,36.150002,35.209999,35.639999,35.639999,19217200,1.0,34.52902951253288
2018-08-31,35.57,35.720001,34.59,35.18,35.18,19073900,0.0,34.622025296456755
2018-09-04,34.75,35.130001,34.48,34.84,34.84,13567600,0.0,34.653164539820075
2018-09-05,34.650002,34.700001,32.509998,32.73,32.73,36051100,0.0,34.378426748417205
2018-09-06,32.860001000000004,32.950001,30.620001,30.809999,30.809999,36023600,0.0,33.86865135578618
2018-09-07,30.309999,31.389999,29.82,30.49,30.49,31484200,0.0,33.38598687638815
2018-09-10,30.5,30.6,29.950001,30.540001,30.540001,17805800,1.0,32.97941746547556
2018-09-11,30.440001,31.440001,30.35,30.889999,30.889999,16000100,1.0,32.68092911326476
2018-09-12,30.610001,30.83,29.25,29.75,29.75,29845200,0.0,32.26222495422694
2018-09-13,30.1,30.57,29.860001,30.389999,30.389999,18522500,1.0,31.994764103623087
2018-09-14,30.450001,30.77,30.059999,30.120001,30.120001,13474700,0.0,31.726940803105503
2018-09-17,29.049999,29.280001,28.43,28.860001,28.860001,30592300,0.0,31.31737797409043
2018-09-18,28.84,29.629999,28.75,29.219999,29.219999,15856800,1.0,31.017752406363226
2018-09-19,29.15,29.559999,28.82,29.52,29.52,16023500,1.0,30.803787776882764
2018-09-20,29.700001,30.02,29.24,29.85,29.85,15378000,1.0,30.66753238018523
2018-09-21,29.860001,29.950001,28.49,28.5,28.5,43122600,0.0,30.357884897301624
2018-09-24,28.33,29.120001,27.93,28.6,28.6,20249000,1.0,30.10675848340139
2018-09-25,28.75,29.24,28.440001,29.110001,29.110001,16130300,1.0,29.96436455720119
2018-09-26,29.200001,29.450001,28.799999,29.01,29.01,12742100,0.0,29.828026763315304
2018-09-27,29.059999,29.690001,28.879999,29.42,29.42,14830500,1.0,29.76973722569883
2018-09-28,29.25,29.280001,28.41,28.459999,28.459999,22719600,0.0,29.582631764884713
2018-10-01,28.51,28.700001,28.0,28.309999,28.309999,20538900,0.0,29.400827084186897
2018-10-02,28.139999,28.620001,27.91,28.190001,28.190001,17714400,0.0,29.227851929303053
2018-10-03,28.379999,29.120001,28.25,29.01,29.01,19358700,1.0,29.1967302251169
2018-10-04,28.75,28.76,27.870001,28.23,28.23,21120400,0.0,29.058625907243055
2018-10-05,28.34,28.959999,27.969999,28.389999,28.389999,28996100,1.0,28.963107777636903
2018-10-08,28.209999,28.940001,27.719999,28.450001,28.450001,22114400,1.0,28.889806809403062
2018-10-09,28.700001,29.57,28.34,29.27,29.27,22749300,1.0,28.94412012234548
2018-10-10,29.120001,29.120001,26.76,26.790001,26.790001,40399400,0.0,28.636388819153268
2018-10-11,26.35,27.58,26.190001,27.0,27.0,33065300,1.0,28.40261898784566
2018-10-12,28.09,28.17,27.26,27.99,27.99,27127500,1.0,28.343673418153426
2018-10-15,27.85,29.049999,27.59,28.610001,28.610001,20225200,1.0,28.38172021556008
2018-10-16,29.1,29.889999,28.84,29.870001,29.870001,18443000,1.0,28.594331756194354
2018-10-17,29.950001,30.139999,28.959999,29.549999,29.549999,19379400,0.0,28.73085564816659
2018-10-18,29.4,30.24,28.98,29.290001,29.290001,24174300,0.0,28.810733555571357
2018-10-19,29.33,29.790001,28.68,28.83,28.83,20112900,0.0,28.813485904775444
2018-10-22,29.049999,29.280001,28.309999,29.18,29.18,21719400,1.0,28.865845061236094
2018-10-23,28.48,29.02,28.07,28.77,28.77,26503600,0.0,28.85215290963094
2018-10-24,28.85,29.77,27.309999,27.540001,27.540001,37910200,0.0,28.66470263682652
2018-10-25,31.32,33.669998,30.76,31.799999,31.799999,79251000,1.0,29.112602117279874
2018-10-26,31.200001,33.139999,30.940001,32.360001000000004,32.360001000000004,47747000,1.0,29.57651624338275
2018-10-29,32.459999,33.75,31.620001,32.389999,32.389999,40899900,1.0,29.978442351470928
2018-10-30,31.77,34.549999,31.299999,33.860001000000004,33.860001000000004,43678200,1.0,30.532950729832226
2018-10-31,34.369999,35.639999,34.349998,34.75,34.75,33063700,1.0,31.135386339856193
2018-11-01,34.599998,34.91,33.82,34.619999,34.619999,27498000,0.0,31.633188148448166
2018-11-02,34.869999,35.349998,33.849998,34.299999,34.299999,23994800,0.0,32.01416112724128
2018-11-05,34.259998,34.279999,33.369999,34.02,34.02,18214300,0.0,32.300709537635385
2018-11-06,33.959999,34.810001,33.84,34.419998,34.419998,15508300,1.0,32.6034650322589
2018-11-07,34.75,35.119999,34.380001,34.990002000000004,34.990002000000004,16802100,1.0,32.94439888479335
2018-11-08,34.880001,34.990002000000004,33.869999,34.18,34.18,15146400,0.0,33.120913329822876
2018-11-09,33.75,34.419998,33.389999,34.080002,34.080002,16034700,0.0,33.257925996991034
2018-11-12,34.0,34.099998,31.780001,32.009998,32.009998,18147500,0.0,33.07965056884946
2018-11-13,32.240002000000004,32.849998,31.469999,32.490002000000004,32.490002000000004,17206300,1.0,32.99541505901382
2018-11-14,32.889999,33.849998,32.75,32.91,32.91,19448700,1.0,32.983212907726134
2018-11-15,32.790001000000004,33.360001000000004,32.619999,33.150002,33.150002,16824800,1.0,33.00703992090811
2018-11-16,32.830002,33.919998,32.599998,33.669998,33.669998,17904100,1.0,33.10174821792124
2018-11-19,33.560001,33.599998,31.84,31.98,31.98,15745000,0.0,32.941498472503916
2018-11-20,29.969999,31.74,29.940001,31.059999,31.059999,20927600,0.0,32.672712833574785
2018-11-21,31.67,32.080002,31.1,31.610001,31.610001,16466900,1.0,32.52089685734982
2018-11-23,31.299999,31.959999,31.110001,31.120001,31.120001,5813900,0.0,32.32076887772842
2018-11-26,31.6,32.869999,31.52,32.82,32.82,17096000,1.0,32.3920876094815
2018-11-27,32.439999,33.099998,32.360001000000004,32.610001000000004,32.610001000000004,10727400,0.0,32.423218093841285
2018-11-28,33.0,33.0,31.719999,32.73,32.73,19073300,1.0,32.467044080435386
2018-11-29,32.459999,32.540001000000004,29.870001,31.299999,31.299999,50505700,0.0,32.30032335465891
2018-11-30,31.15,31.549999,30.110001,31.450001,31.450001,25833200,1.0,32.17884873256478
2018-12-03,32.240002000000004,33.849998,32.209999,33.66,33.66,24027100,1.0,32.39044177076981
2018-12-04,33.279999,34.16,32.5,32.560001,32.560001,22472000,0.0,32.4146645178027
2018-12-06,32.459999,32.970001,31.110001,32.959999,32.959999,25922800,1.0,32.49256944383089
2018-12-07,32.84,34.369999,32.669998,32.830002,32.830002,29497100,0.0,32.54077409471219
2018-12-10,32.73,33.639999,32.259998,33.43,33.43,19971100,1.0,32.667806366896166
2018-12-11,34.130001,35.75,33.880001,34.450001,34.450001,30118600,1.0,32.92240560019671
2018-12-12,34.970001,37.139999,34.849998,36.25,36.25,32608500,1.0,33.397776228740035
2018-12-13,36.400002,36.490002,35.299999,35.889999,35.889999,22831600,0.0,33.75380805320574
2018-12-14,35.25,36.619999,35.049999,35.869999,35.869999,19528500,0.0,34.05612104560492
2018-12-17,35.68,35.700001,33.200001,33.43,33.43,23880900,0.0,33.966675181947075
2018-12-18,33.630001,34.169998,33.080002,33.740002000000004,33.740002000000004,18885100,1.0,33.93429329881178
2018-12-19,33.709999,34.700001,32.66,32.93,32.93,24784300,0.0,33.79082282755296
2018-12-20,32.59,32.720001,28.51,29.290001,29.290001,51983000,0.0,33.147848280759675
2018-12-21,29.309999,29.76,27.040001,27.309999,27.309999,38714100,0.0,32.31386981207972
2018-12-24,26.549999,27.27,26.26,26.450001,26.450001,18208300,0.0,31.4761742674969
2018-12-26,27.0,28.700001,26.799999,28.66,28.66,35529600,1.0,31.073863657854485
2018-12-27,28.139999,28.92,27.26,28.68,28.68,31987700,1.0,30.731883135303843
2018-12-28,28.93,29.139999,27.84,28.43,28.43,21820500,0.0,30.403042687403293
2018-12-31,28.6,29.129999,28.34,28.74,28.74,15975000,1.0,30.165465160631395
2019-01-02,28.26,28.99,27.870001,28.809999,28.809999,15053700,1.0,29.971827137684052
2019-01-03,28.379999,29.18,27.940001,27.99,27.99,19051700,0.0,29.688708975157763
2019-01-04,28.389999,30.1,28.309999,29.950001,29.950001,23412600,1.0,29.726036407278084
2019-01-07,30.200001,31.379999,29.77,31.34,31.34,19917800,1.0,29.956602634809787
2019-01-08,31.700001,32.049999,30.91,31.799999,31.799999,18915200,1.0,30.219944972694105
2019-01-09,31.799999,32.400002,31.540001,32.25,32.25,14554400,1.0,30.509952833737803
2019-01-10,33.080002,33.5,32.259998,33.09,33.09,30504500,1.0,30.87853100034669
2019-01-11,32.849998,33.200001,32.43,32.869999,32.869999,17732300,0.0,31.16302642886859
2019-01-14,32.380001,32.75,32.119999,32.369999,32.369999,9523000,0.0,31.335451081887364
2019-01-15,32.509998,33.349998,32.450001,33.02,33.02,13548200,1.0,31.57610092733203
2019-01-16,33.099998,33.299999,32.439999,32.470001,32.470001,10130200,0.0,31.70380093771317
2019-01-17,32.470001,33.09,32.389999,32.849998,32.849998,12059700,1.0,31.867543375182716
2019-01-18,33.049999,33.889999,32.77,33.27,33.27,16776800,1.0,32.067894321585186
2019-01-22,32.970001,33.349998,31.93,32.25,32.25,17780800,0.0,32.09390941850159
2019-01-23,32.259998,32.450001,30.719999,30.969999,30.969999,21084400,0.0,31.933350787287075
2019-01-24,30.940001,31.73,30.91,31.610001,31.610001,12470400,1.0,31.887157960531777
2019-01-25,31.99,33.619999,31.98,32.900002,32.900002,22513700,1.0,32.03184996617009
2019-01-28,32.650002,33.200001,32.119999,33.130001,33.130001,21750800,1.0,32.18872868528865
2019-01-29,33.330002,33.549999,31.459999,31.639999,31.639999,18849800,0.0,32.11033873024741
2019-01-30,32.040001000000004,32.380001,31.42,32.259998,32.259998,17142500,1.0,32.131718625926354
2019-01-31,33.07,33.689999,32.790001000000004,33.560001,33.560001,21211300,1.0,32.335758965079734
2019-02-01,33.560001,34.09,32.959999,33.189999,33.189999,18816600,0.0,32.457793255782626
2019-02-04,33.34,34.18,33.240002000000004,33.939999,33.939999,14244100,1.0,32.669536933527965
2019-02-05,34.290001000000004,34.57,33.919998,34.369999,34.369999,17610200,1.0,32.912460085881115
2019-02-06,35.049999,35.25,33.75,34.16,34.16,34058000,0.0,33.09068007361238
2019-02-07,31.17,31.73,30.309999,30.799999,30.799999,69764100,0.0,32.763439920239186
2019-02-08,30.469999,30.74,29.42,30.01,30.01,40669800,0.0,32.370091360205016
2019-02-11,30.17,30.440001,29.66,30.23,30.23,28838200,1.0,32.06436402303287
2019-02-12,30.440001,30.799999,30.23,30.389999,30.389999,20315300,1.0,31.825169019742457
2019-02-13,30.57,31.84,30.549999,31.120001,31.120001,29683300,1.0,31.72443073120782
2019-02-14,30.860001,31.280001,30.6,30.959999,30.959999,15321100,0.0,31.615226198178135
2019-02-15,31.200001,31.799999,30.969999,31.23,31.23,17591500,1.0,31.560193884152685
2019-02-19,31.23,32.110001000000004,31.15,31.65,31.65,14391700,1.0,31.57302332927373
2019-02-20,31.709999,31.93,31.209999,31.370001,31.370001,16871100,0.0,31.544020139377487
2019-02-21,31.360001,31.48,30.6,30.76,30.76,13944900,0.0,31.43201726232356
2019-02-22,30.809999,31.73,30.809999,31.709999,31.709999,15413400,1.0,31.471728939134483
2019-02-25,31.99,32.709999,31.879999,31.99,31.99,15061300,1.0,31.545767662115274
2019-02-26,31.889999,31.959999,30.99,31.01,31.01,17519100,0.0,31.46922942467023
2019-02-27,30.950001,31.0,29.9,30.41,30.41,24639100,0.0,31.317910935431627
2019-02-28,30.25,30.790001,30.01,30.780001,30.780001,15242900,1.0,31.241066658941396
2019-03-01,31.17,31.190001,30.280001,30.620001,30.620001,12360700,0.0,31.15234299337834
2019-03-04,30.780001,31.26,30.07,30.5,30.5,15920400,0.0,31.059151137181434
2019-03-05,30.5,31.23,30.389999,31.030001,31.030001,13073500,1.0,31.0549868318698
2019-03-06,30.940001,31.34,30.59,30.799999,30.799999,10938600,0.0,31.01855999874554
2019-03-07,30.76,30.84,30.01,30.120001,30.120001,15779900,0.0,30.890194427496176
2019-03-08,29.639999,30.209999,29.41,30.040001,30.040001,11964300,0.0,30.768738223568153
2019-03-11,30.24,30.91,30.24,30.870001,30.870001,16013200,1.0,30.78320433448699
2019-03-12,31.15,31.41,30.889999,31.16,31.16,12324300,1.0,30.837032286703135
2019-03-13,31.309999,31.48,31.040001,31.299999,31.299999,10201300,1.0,30.90317038860269
2019-03-14,31.280001,31.549999,30.940001,31.030001,31.030001,12090600,0.0,30.921289047373733
2019-03-15,31.040001,31.41,30.709999,31.219999,31.219999,17522700,1.0,30.963961897748913
2019-03-18,31.25,31.58,30.84,31.08,31.08,13172600,0.0,30.980538769499066
2019-03-19,31.15,31.5,30.879999,31.27,31.27,15557400,1.0,31.021890373856344
2019-03-20,31.24,32.650002,31.16,32.57,32.57,22373800,1.0,31.243048891876867
2019-03-21,32.310001,32.689999,32.029999,32.610001000000004,32.610001000000004,13346900,1.0,31.43832776446589
2019-03-22,32.5,34.209999,32.34,33.02,33.02,28034700,1.0,31.664280940970762
2019-03-25,32.830002,33.299999,32.279999,32.59,32.59,15272300,0.0,31.79652652083208
2019-03-26,32.98,33.860001000000004,32.919998,33.060001,33.060001,17252300,1.0,31.977022874998926
2019-03-27,32.93,33.450001,31.950001,32.279999,32.279999,13669400,0.0,32.02030517857051
2019-03-28,32.290001000000004,32.93,31.73,32.869999,32.869999,17711300,1.0,32.1416900102033
2019-03-29,33.099998,33.240002000000004,32.470001,32.880001,32.880001,13529300,1.0,32.24716300874569
2019-04-01,33.16,33.68,32.700001,33.439999,33.439999,12499700,1.0,32.417568150353446
2019-04-02,33.439999,33.889999,33.23,33.75,33.75,11638000,1.0,32.607915557445814
2019-04-03,34.0,34.759998,33.810001,34.380001,34.380001,18027600,1.0,32.86107062066784
2019-04-04,34.700001,35.139999,33.900002,34.419998,34.419998,14604100,1.0,33.083774532001
2019-04-05,34.549999,34.799999,34.369999,34.720001,34.720001,9571700,1.0,33.317521170286575
2019-04-08,34.790001000000004,35.060001,34.509998,34.860001000000004,34.860001000000004,10655000,1.0,33.53787543167421
2019-04-09,34.84,35.389999,34.810001,35.139999,35.139999,13889700,1.0,33.76675022714932
2019-04-10,35.259998,35.27,34.509998,34.75,34.75,11648800,0.0,33.90721448041371
2019-04-11,34.75,34.869999,34.41,34.580002,34.580002,10982700,0.0,34.00332698321175
2019-04-12,34.669998,34.830002,34.110001000000004,34.369999,34.369999,12713800,0.0,34.05570869989579
2019-04-15,34.380001,35.029999,34.34,34.709999,34.709999,10248400,1.0,34.14917874276782
2019-04-16,34.84,34.990002000000004,34.23,34.459999,34.459999,9396300,0.0,34.19358163665814
2019-04-17,34.73,34.900002,34.200001,34.48,34.48,9023000,1.0,34.23449854570698
2019-04-18,34.669998,34.860001000000004,34.32,34.400002,34.400002,9806100,0.0,34.25814189632027
2019-04-22,34.400002,34.619999,33.82,34.389999,34.389999,19704300,0.0,34.27697862541737
2019-04-23,36.93,40.529999,36.91,39.77,39.77,104262500,1.0,35.06169596464346
2019-04-24,39.860001,39.950001,38.799999,39.290001,39.290001,30266900,0.0,35.66573954112297
2019-04-25,39.259998,40.130001,38.189999,38.48,38.48,26044800,0.0,36.06777674953397
2019-04-26,38.59,39.34,38.18,38.669998,38.669998,15270500,1.0,36.43952264245768
2019-04-29,38.630001,39.970001,38.630001,39.779999,39.779999,19680000,1.0,36.91673355067801
2019-04-30,39.790001,40.919998,39.650002,39.91,39.91,22912000,1.0,37.34434304343829
2019-05-01,40.0,40.07,39.259998,39.290001,39.290001,14962600,0.0,37.622294180089966
2019-05-02,39.240002,40.0,38.84,39.950001,39.950001,13419100,1.0,37.9548237257914
2019-05-03,40.48,40.82,39.959999,40.799999,40.799999,15577100,1.0,38.361277336392625
2019-05-06,39.689999,40.439999,39.450001,40.23,40.23,14517400,0.0,38.62823771690797
2019-05-07,39.900002,40.150002,38.119999,38.619999,38.619999,19283100,0.0,38.62706075734969
2019-05-08,38.450001,39.150002,38.330002,38.580002,38.580002,9168400,0.0,38.620338077728306
2019-05-09,38.110001,39.02,37.82,38.790001,38.790001,10010700,1.0,38.644575638052835
2019-05-10,38.68,39.16,37.860001,38.450001,38.450001,12259000,0.0,38.61677926118814
2019-05-13,37.5,37.639999,36.369999,36.59,36.59,16829700,0.0,38.32723936673269
2019-05-14,37.040001,37.52,36.599998,36.93,36.93,11125100,1.0,38.12763374291374
2019-05-15,36.669998,38.139999,36.639999,37.900002,37.900002,11523100,1.0,38.09511492249749
2019-05-16,38.110001,38.720001,38.049999,38.299999,38.299999,10104400,1.0,38.124384076426416
2019-05-17,37.830002,38.130001,37.470001,37.5,37.5,9090300,0.0,38.03518635122264
2019-05-20,37.119999,37.73,36.919998,37.150002,37.150002,9411900,0.0,37.908731443905126
2019-05-21,37.470001,37.860001,37.330002,37.470001,37.470001,8861400,1.0,37.84605566620439
2019-05-22,37.41,39.32,37.240002,38.580002,38.580002,21105400,1.0,37.950905142460904
2019-05-23,38.150002,38.290001,36.799999,37.189999,37.189999,18398800,0.0,37.84220426496649
2019-05-24,37.470001,37.849998,37.27,37.41,37.41,9303900,1.0,37.78046079854271
2019-05-28,37.41,38.040001,37.23,37.290001,37.290001,11770300,0.0,37.71039511303661
2019-05-29,37.02,37.400002,36.52,36.849998,36.849998,12270300,0.0,37.58748123974567
2019-05-30,37.0,37.290001,36.599998,37.139999,37.139999,7413100,1.0,37.52355520549629
2019-05-31,36.619999,36.959999,36.299999,36.439999,36.439999,8556100,0.0,37.368761461853964
2019-06-03,36.450001,36.900002,34.040001000000004,34.43,34.43,22217100,0.0,36.948938395874826
2019-06-04,35.18,36.150002,34.970001,36.099998,36.099998,15357100,1.0,36.82766119646414
2019-06-05,36.5,36.709999,35.950001,36.330002,36.330002,12798700,1.0,36.75656702554069
2019-06-06,36.259998,36.75,35.959999,36.59,36.59,8863000,1.0,36.73277173617773
2019-06-07,36.869999,38.310001,36.799999,37.93,37.93,15399700,1.0,36.9038043452952
2019-06-10,38.349998,38.639999,37.619999,37.639999,37.639999,10036400,0.0,37.00897501025303
2019-06-11,38.09,38.259998,36.849998,37.209999,37.209999,9528600,0.0,37.037692723074024
2019-06-12,37.130001,37.619999,37.049999,37.490002,37.490002,6795500,1.0,37.102308334063444
2019-06-13,37.040001,37.040001,35.759998,36.34,36.34,21679400,0.0,36.993407143482955
2019-06-14,36.360001,36.490002,36.040001,36.150002,36.150002,7791100,0.0,36.872920694413956
2019-06-17,36.259998,36.68,36.110001,36.439999,36.439999,7896000,1.0,36.81107473806911
2019-06-18,36.709999,37.509998,36.549999,36.650002,36.650002,12705500,1.0,36.78806434691638
2019-06-19,36.630001,36.68,35.810001,36.290001,36.290001,12059700,0.0,36.716912440214045
2019-06-20,36.349998,36.650002,35.330002,35.439999,35.439999,19676100,0.0,36.53449623446918
2019-06-21,35.5,35.75,34.990002000000004,35.02,35.02,12853600,0.0,36.318139629545016
2019-06-24,35.189999,35.669998,34.82,35.580002,35.580002,9216800,1.0,36.212691396752874
2019-06-25,35.52,35.73,34.57,34.720001,34.720001,11196400,0.0,35.99944991150246
2019-06-26,34.98,35.380001,34.919998,35.220001,35.220001,8744800,1.0,35.88810006700211
2019-06-27,35.439999,35.639999,34.610001000000004,34.75,34.75,12655900,0.0,35.72551434314466
2019-06-28,34.75,34.990002000000004,34.279999,34.900002,34.900002,15505300,1.0,35.60758400840971
2019-07-01,35.5,36.25,35.220001,36.080002,36.080002,14394600,1.0,35.675072292922614
2019-07-02,36.169998,36.599998,35.889999,36.220001,36.220001,8393200,1.0,35.75291925107653
2019-07-03,36.290001,36.389999,35.939999,36.02,36.02,5372600,0.0,35.79107364377988
2019-07-05,36.0,36.349998,35.599998,36.25,36.25,6084800,1.0,35.856634551811325
2019-07-08,36.040001,36.639999,35.869999,36.450001,36.450001,8058100,1.0,35.941401187266855
2019-07-09,36.349998,37.669998,36.290001,37.650002,37.650002,14218000,1.0,36.18548701765731
2019-07-10,37.900002,38.029999,36.880001,37.470001,37.470001,11831800,0.0,36.36898901513484
2019-07-11,37.66,37.869999,36.970001,37.209999,37.209999,8549500,0.0,36.489133298687
2019-07-12,37.369999,37.900002,37.169998,37.84,37.84,8048700,1.0,36.682114256017435
2019-07-15,38.0,38.970001,37.939999,38.68,38.68,12738700,1.0,36.96752650515781
2019-07-16,38.779999,38.790001,37.82,37.990002,37.990002,10979600,0.0,37.1135944329924
2019-07-17,37.860001,38.23,37.560001,37.700001,37.700001,7926600,0.0,37.19736679970777
2019-07-18,37.389999,37.799999,37.0,37.66,37.66,11119600,0.0,37.26345725689238
2019-07-19,37.959999,38.09,36.73,36.77,36.77,10842400,0.0,37.192963363050616
2019-07-22,36.919998,37.689999,36.830002,37.580002,37.580002,8405600,1.0,37.24825459690053
2019-07-23,37.869999,38.02,36.82,37.900002,37.900002,10741500,1.0,37.34136136877188
2019-07-24,38.0,38.799999,37.759998,38.73,38.73,12488500,1.0,37.53973831609018
2019-07-25,39.0,39.23,37.91,38.119999,38.119999,21255400,0.0,37.622632699505864
2019-07-26,40.07,42.330002,40.0,41.52,41.52,57527600,1.0,38.17939945671931
2019-07-29,41.5,42.220001,40.900002,41.5,41.5,21170600,0.0,38.65377096290227
2019-07-30,41.080002,41.720001,40.82,41.0,41.0,15670600,0.0,38.98894653963051
2019-07-31,41.080002,43.240002,41.009998,42.310001,42.310001,29745300,1.0,39.46338289111186
2019-08-01,42.540001,43.48,41.720001,42.080002,42.080002,22883600,0.0,39.83718562095303
2019-08-02,41.82,43.040001,41.59,42.849998,42.849998,20617200,1.0,40.26758738938832
2019-08-05,41.580002,42.0,39.619999,40.369999,40.369999,23081000,0.0,40.2822176194757
2019-08-06,40.919998,41.639999,40.779999,41.32,41.32,15077900,1.0,40.43047224526489
2019-08-07,40.509998,41.900002,40.330002,41.73,41.73,15427600,1.0,40.6161190673699
2019-08-08,42.110001,42.349998,41.360001,42.07,42.07,14684600,1.0,40.82381634345991
2019-08-09,41.779999,41.970001,40.939999,41.529999,41.529999,11419600,0.0,40.924699580108495
2019-08-12,41.099998,41.48,40.389999,40.48,40.48,6731800,0.0,40.861171068664426
2019-08-13,40.41,41.860001,40.380001,41.810001,41.810001,12429900,1.0,40.99671820171237
2019-08-14,41.029999,41.25,40.389999,40.650002,40.650002,11638700,0.0,40.94718731575346
2019-08-15,40.900002,41.049999,39.779999,40.09,40.09,12583100,0.0,40.82473198493153
2019-08-16,40.299999,40.650002,40.110001,40.580002,40.580002,7998800,1.0,40.789770558512735
2019-08-19,41.099998,41.880001,41.049999,41.700001,41.700001,10276500,1.0,40.9198034787252
2019-08-20,41.639999,42.849998,41.380001,42.290001,42.290001,11342500,1.0,41.115545981764456
2019-08-21,42.830002,43.279999,42.360001,42.799999,42.799999,12018600,1.0,41.35618212722668
2019-08-22,42.849998,43.080002,41.59,42.18,42.18,8277000,0.0,41.47387039476573
2019-08-23,41.82,42.689999,40.810001,41.0,41.0,14036200,0.0,41.40617462408492
2019-08-26,41.400002,41.48,41.0,41.439999,41.439999,6403600,1.0,41.41100667778708
2019-08-27,42.009998,42.689999,41.529999,42.139999,42.139999,16087500,1.0,41.51514843810321
2019-08-28,41.75,42.200001,41.299999,41.68,41.68,10418400,0.0,41.53869866123132
2019-08-29,42.25,42.650002,41.82,42.490002,42.490002,10594400,1.0,41.674599138198275
2019-08-30,42.700001,42.700001,41.900002,42.650002,42.650002,8863600,1.0,41.81394240416995
2019-09-03,42.380001,43.77,41.639999,41.959999,41.959999,16159600,0.0,41.83480763214567
2019-09-04,42.490002,43.400002,42.110001,43.360001,43.360001,11567900,1.0,42.052692398982
2019-09-05,43.779999,45.330002,43.619999,45.299999,45.299999,19319800,1.0,42.516593341984574
2019-09-06,45.220001,45.68,44.560001,45.419998,45.419998,13108500,1.0,42.93136543598678
2019-09-09,45.599998,45.860001,43.84,44.259998,44.259998,14547400,0.0,43.121170087988666
2019-09-10,43.900002,43.950001,42.509998,43.25,43.25,14040100,0.0,43.13957436113314
2019-09-11,43.549999,43.779999,43.049999,43.25,43.25,7861200,0.0,43.15534945239983
2019-09-12,43.759998,44.110001,43.110001,43.200001,43.200001,8251700,0.0,43.16172824491414
2019-09-13,43.150002,43.200001,42.330002,42.630001,42.630001,8059600,0.0,43.0857672099264
2019-09-16,42.400002,43.07,42.189999,42.759998,42.759998,6187900,1.0,43.039228751365485
2019-09-17,42.900002,43.59,42.880001,43.240002,43.240002,8654400,1.0,43.067910644027556
2019-09-18,43.209999,43.41,42.389999,43.240002,43.240002,7845100,0.0,43.09249512345219
2019-09-19,43.189999,43.580002,42.68,42.93,42.93,7372600,0.0,43.06928153438759
2019-09-20,43.16,43.84,42.939999,43.23,43.23,19372900,1.0,43.09224131518937
2019-09-23,43.290001,44.09,42.849998,43.380001,43.380001,9992400,1.0,43.133349841590885
2019-09-24,43.709999,43.75,41.060001,41.419998,41.419998,16120700,0.0,42.88858529279219
2019-09-25,41.509998,42.779999,41.18,42.5,42.5,9731600,1.0,42.8330731081076
2019-09-26,42.380001,42.490002,41.720001,42.439999,42.439999,5951400,0.0,42.776919664092226
2019-09-27,42.5,42.669998,40.610001,41.349998,41.349998,11933700,0.0,42.57307371207906
2019-09-30,41.459999,41.48,40.82,41.200001,41.200001,7541400,0.0,42.37692046749633
2019-10-01,41.32,41.57,40.029999,40.25,40.25,9278800,0.0,42.07307468642542
2019-10-02,40.119999,40.119999,39.25,39.700001,39.700001,9306300,0.0,41.73406415979321
2019-10-03,39.59,40.16,38.610001,40.0,40.0,13421400,1.0,41.48634070839419
2019-10-04,40.360001,40.59,39.830002,40.360001,40.360001,6283700,1.0,41.32543503576645
2019-10-07,40.240002,40.869999,40.060001,40.799999,40.799999,6563700,1.0,41.25037274494268
2019-10-08,40.41,40.48,39.669998,39.700001,39.700001,7304300,0.0,41.02889106709373
2019-10-09,39.990002,40.099998,39.220001,39.5,39.5,8021300,0.0,40.81047805750892
2019-10-10,39.34,39.889999,39.259998,39.540001,39.540001,6718000,1.0,40.628981335007644
2019-10-11,39.889999,40.700001,39.810001,40.360001,40.360001,9198900,1.0,40.5905555728637
2019-10-14,40.32,40.470001,39.470001,39.779999,39.779999,6393600,0.0,40.47476177674031
2019-10-15,39.560001,40.400002,39.349998,40.279999,40.279999,7676700,1.0,40.44693852292026
2019-10-16,40.009998,40.459999,39.599998,39.91,39.91,8324900,0.0,40.37023301964594
2019-10-17,40.119999,40.150002,39.41,39.610001,39.610001,7147100,0.0,40.2616284454108
2019-10-18,39.689999,39.91,38.27,38.990002,38.990002,12582900,0.0,40.07996752463783
2019-10-21,39.349998,40.290001,39.310001,40.09,40.09,9351100,1.0,40.081400735403854
2019-10-22,40.48,40.48,38.779999,38.810001,38.810001,12817700,0.0,39.89977220177473
2019-10-23,38.990002,39.450001,37.759998,38.830002,38.830002,20276200,1.0,39.74694788723548
2019-10-24,31.860001,32.389999,30.51,30.75,30.75,105112500,0.0,38.46166961763041
2019-10-25,30.870001,31.040001,29.92,30.299999,30.299999,43837200,0.0,37.29571667225464
2019-10-28,30.5,30.66,29.75,30.059999,30.059999,29893900,0.0,36.26204271907541
2019-10-29,30.0,30.360001,29.82,29.85,29.85,20674800,0.0,35.346036616350354
2019-10-30,30.15,30.17,29.719999,29.860001,29.860001,25518700,1.0,34.56231724258602
2019-10-31,29.469999,29.98,28.84,29.969999,29.969999,36865100,1.0,33.90627177935944
2019-11-01,29.959999,30.26,29.41,29.620001,29.620001,22716700,0.0,33.2939473823081
2019-11-04,29.77,30.15,29.610001,30.049999,30.049999,20340200,1.0,32.83052618483551
2019-11-05,30.190001,30.360001,29.709999,29.809999,29.809999,16645900,0.0,32.39902230128758
2019-11-06,29.85,29.9,29.4,29.540001,29.540001,15313800,0.0,31.990590686817928
2019-11-07,29.0,29.59,28.629999,29.049999,29.049999,22740600,0.0,31.570506160129657
2019-11-08,29.16,29.43,29.049999,29.209999,29.209999,10619500,1.0,31.23329085153971
2019-11-11,29.129999,29.35,28.92,29.34,29.34,9675000,1.0,30.96282072989118
2019-11-12,29.360001,29.5,28.93,29.049999,29.049999,15144200,0.0,30.68956048276387
2019-11-13,29.040001,29.299999,28.93,29.08,29.08,9217700,1.0,30.459623270940458
2019-11-14,29.16,29.370001,28.73,28.889999,28.889999,13684600,0.0,30.23539123223468
2019-11-15,29.049999,29.43,28.91,29.25,29.25,12163300,1.0,30.094621056201156
2019-11-18,29.24,29.74,29.01,29.49,29.49,14493100,1.0,30.00824661960099
2019-11-19,29.620001,29.67,29.18,29.440001,29.440001,9950900,0.0,29.927068673943705
2019-11-20,29.299999,29.48,28.879999,29.17,29.17,14280400,0.0,29.818916006237462
2019-11-21,29.200001,30.49,29.15,29.790001,29.790001,24304400,1.0,29.81478529106068
2019-11-22,29.870001,30.17,29.58,30.030001,30.030001,14188300,1.0,29.84553039233773
2019-11-25,30.129999,30.57,30.049999,30.540001,30.540001,14035700,1.0,29.94474047914662
2019-11-26,30.57,30.99,30.4,30.959999,30.959999,16323900,1.0,30.089777410697106
2019-11-27,31.0,31.360001,30.93,31.17,31.17,14151900,1.0,30.24409492345466
2019-11-29,31.110001,31.139999,30.780001,30.91,30.91,7814500,0.0,30.339224220103993
2019-12-02,30.91,30.950001,29.969999,30.42,30.42,14524700,0.0,30.350763617231994
2019-12-03,29.940001,30.01,29.48,29.969999,29.969999,16399500,0.0,30.29636867191314
2019-12-04,30.18,30.33,29.91,30.0,30.0,9765000,1.0,30.25403029021126
2019-12-05,30.08,30.360001,29.92,30.040001,30.040001,11060800,1.0,30.223454677323936
2019-12-06,30.35,30.469999,29.98,30.190001,30.190001,10869700,1.0,30.218675580563374
2019-12-09,30.120001,30.75,30.120001,30.209999,30.209999,9955100,1.0,30.217436069054322
2019-12-10,30.23,30.26,29.77,29.84,29.84,12362400,0.0,30.163516630617995
2019-12-11,29.950001,30.6,29.860001,30.549999,30.549999,11006200,1.0,30.21872839767257
2019-12-12,30.469999,30.59,29.93,30.299999,30.299999,18912600,0.0,30.230338483719347
2019-12-13,30.24,30.610001,30.24,30.389999,30.389999,12836700,1.0,30.253147128902295
2019-12-16,30.52,31.280001,30.41,30.969999,30.969999,15852100,1.0,30.35555453905911
2019-12-17,31.07,31.209999,30.629999,30.700001,30.700001,11906500,0.0,30.404761176336383
2019-12-18,30.690001,31.91,30.629999,31.68,31.68,19030900,1.0,30.58693815114547
2019-12-19,31.75,32.419998,31.610001,32.029999,32.029999,19880000,1.0,30.79308970098183
2019-12-20,32.119999,32.25,31.540001,32.130001,32.130001,21854600,1.0,30.984077029412997
2019-12-23,32.130001,32.799999,31.99,32.43,32.43,13983300,1.0,31.190637453782568
2019-12-24,32.439999,32.709999,32.419998,32.5,32.5,4290500,1.0,31.377689246099344
2019-12-26,32.59,32.889999,32.419998,32.630001,32.630001,9797300,1.0,31.556590925228004
2019-12-27,32.75,32.84,32.220001,32.549999,32.549999,10409400,0.0,31.698506364481148
2019-12-30,32.490002000000004,32.5,31.82,32.029999,32.029999,9391200,0.0,31.745862455269556
2019-12-31,31.860001,32.32,31.77,32.049999,32.049999,11050600,1.0,31.789310533088187
2020-01-02,32.310001,32.5,31.959999,32.299999,32.299999,10721100,1.0,31.8622660283613
2020-01-03,31.709999,32.099998,31.26,31.52,31.52,14429500,0.0,31.813370881452546
2020-01-06,31.23,31.709999,31.16,31.639999,31.639999,12582500,1.0,31.78860346981647
2020-01-07,31.799999,32.700001,31.719999,32.540001000000004,32.540001000000004,13712900,1.0,31.895945974128406
2020-01-08,32.349998,33.400002,32.349998,33.049999,33.049999,14632400,1.0,32.06081069211006
2020-01-09,33.529999,33.540001000000004,33.0,33.220001,33.220001,10865500,1.0,32.22640930752291
2020-01-10,32.860001000000004,33.009998,32.459999,32.779999,32.779999,11148900,0.0,32.305493549305346
2020-01-13,32.970001,33.07,32.490002000000004,32.689999,32.689999,11001300,0.0,32.36042289940458
2020-01-14,32.689999,33.119999,32.639999,32.82,32.82,9814200,1.0,32.426076770918215
2020-01-15,32.990002000000004,33.509998,32.950001,33.23,33.23,11262300,1.0,32.540922946501325
2020-01-16,33.5,34.27,33.029999,34.189999,34.189999,19919900,1.0,32.77650523985828
2020-01-17,33.82,34.389999,33.580002,34.220001,34.220001,19303500,1.0,32.98271891987853
2020-01-21,34.080002,34.389999,33.869999,34.09,34.09,17055600,0.0,33.14090193132446
2020-01-22,34.290001000000004,34.540001000000004,33.959999,34.02,34.02,12851800,0.0,33.266487369706674
2020-01-23,33.990002000000004,34.360001000000004,33.720001,33.889999,33.889999,14887200,0.0,33.355560459748574
2020-01-24,34.110001000000004,34.110001000000004,32.970001,33.189999,33.189999,12336600,0.0,33.33190882264164
2020-01-27,32.310001,32.93,32.150002,32.779999,32.779999,11800800,0.0,33.253064562264264
2020-01-28,33.060001,33.66,32.849998,33.419998,33.419998,9739400,1.0,33.27691219622651
2020-01-29,33.59,33.880001,33.290001000000004,33.630001,33.630001,7563700,1.0,33.32735345390844
2020-01-30,32.860001000000004,33.23,32.389999,33.220001,33.220001,12083800,0.0,33.31201738906437
2020-01-31,33.110001000000004,33.139999,32.080002,32.48,32.48,12033100,0.0,33.19315776205517
2020-02-03,32.560001,33.240002000000004,32.450001,33.07,33.07,14190900,1.0,33.17556379604729
2020-02-04,33.75,34.119999,33.400002,33.959999,33.959999,14598200,1.0,33.28762596804054
2020-02-05,34.0,34.16,33.189999,33.389999,33.389999,20468200,0.0,33.30225068689189
2020-02-06,36.529999,39.639999,36.419998,38.41,38.41,87659700,1.0,34.03192916019305
2020-02-07,37.630001,38.150002,36.84,37.029999,37.029999,31135100,0.0,34.46022485159405
2020-02-10,36.630001,36.849998,35.650002,35.959999,35.959999,34860300,0.0,34.67447830136633
2020-02-11,36.119999,36.279999,35.529999,35.650002,35.650002,14464700,0.0,34.81383882974257
2020-02-12,36.189999,37.02,36.169998,36.790001,36.790001,20716400,1.0,35.09614771120792
2020-02-13,36.43,37.32,36.209999,37.16,37.16,19621400,1.0,35.39098375246393
2020-02-14,37.0,37.349998,36.580002,36.91,36.91,12210400,0.0,35.60798607354051
2020-02-18,36.779999,38.07,36.68,38.060001,38.060001,16793600,1.0,35.95827392017758
2020-02-19,38.09,38.91,37.939999,38.77,38.77,19068600,1.0,36.35994907443793
2020-02-20,38.759998,39.060001,37.959999,39.049999,39.049999,17273400,1.0,36.7442419209468
2020-02-21,38.669998,38.759998,38.040001,38.310001,38.310001,15312000,0.0,36.96792178938297
2020-02-24,36.5,36.59,35.299999,35.889999,35.889999,25155400,0.0,36.81393281947112
2020-02-25,36.18,36.450001,34.889999,35.209999,35.209999,19841300,0.0,36.58479941668953
2020-02-26,35.279999,35.82,34.439999,34.630001,34.630001,18044300,0.0,36.3055425000196
2020-02-27,33.73,34.200001,32.470001,33.009998,33.009998,27234100,0.0,35.83475042858823
2020-02-28,31.860001,33.369999,31.51,33.200001,33.200001,33478200,1.0,35.45835765307562
2020-03-02,36.0,36.860001,35.139999,35.82,35.82,39914700,1.0,35.51002084549339
2020-03-03,36.02,36.48,34.41,34.93,34.93,22973100,0.0,35.42716072470863
2020-03-04,35.759998,36.0,34.77,36.0,36.0,14980300,1.0,35.50899490689311
2020-03-05,35.029999,35.73,34.52,34.970001,34.970001,14132200,0.0,35.43199577733695
2020-03-06,33.810001,33.990002000000004,32.509998,33.459999,33.459999,20361100,0.0,35.150281952003105
2020-03-09,31.809999,35.36000100000001,30.620001,32.459999,32.459999,41767600,0.0,34.765955816002666
2020-03-10,33.900002,34.779999,33.119999,34.310001,34.310001,27327600,1.0,34.700819413716566
2020-03-11,33.299999,33.459999,30.01,31.299999,31.299999,27445400,0.0,34.214987926042774
2020-03-12,29.08,29.690001,26.700001,26.780001,26.780001,32519500,0.0,33.15284693660809
2020-03-13,28.83,29.41,26.4,29.290001,29.290001,29059100,1.0,32.60101180280694
2020-03-16,26.120001,28.35,23.92,24.040001,24.040001,28768100,0.0,31.3780102595488
2020-03-17,24.379999,25.84,23.18,24.48,24.48,28741700,1.0,30.3925802224704
2020-03-18,22.950001,23.49,20.0,22.0,22.0,31012700,0.0,29.193640190688914
2020-03-19,22.110001,25.17,20.66,24.129999,24.129999,29980000,1.0,28.470262877733354
2020-03-20,24.969999,25.860001,23.700001,23.950001,23.950001,28250700,0.0,27.824511180914303
2020-03-23,23.799999,25.25,23.5,24.690001,24.690001,21882600,1.0,27.37672401221226
2020-03-24,25.790001,26.459999,24.129999,25.85,25.85,32815900,1.0,27.158620581896223
2020-03-25,25.85,27.459999,24.52,25.969999,25.969999,25738800,1.0,26.98881749876819
2020-03-26,26.15,27.030001,25.629999,26.41,26.41,20435300,1.0,26.906129284658448
2020-03-27,25.559999,25.83,24.76,25.290001,25.290001,22069300,0.0,26.675253815421524
2020-03-30,25.25,25.940001,24.6,25.59,25.59,20720800,1.0,26.52021755607559
2020-03-31,25.790001,26.33,24.4,24.559999,24.559999,24993400,0.0,26.240186333779075
2020-04-01,23.700001,24.389999,23.049999,23.32,23.32,20027000,0.0,25.82301685752492
2020-04-02,23.0,23.58,22.360001,23.02,23.02,17114800,0.0,25.422585877878504
2020-04-03,24.1,24.32,22.75,23.09,23.09,25029700,1.0,25.08935932389586
2020-04-06,24.1,25.049999,23.790001,24.93,24.93,26014900,1.0,25.06659370619645
2020-04-07,25.969999,26.860001,25.309999,25.610001,25.610001,25831100,1.0,25.14422331959696
2020-04-08,26.790001,28.459999,25.92,27.860001,27.860001,31240800,1.0,25.53219155965454
2020-04-09,28.48,29.049999,27.280001,27.77,27.77,22233200,0.0,25.851878479703892
2020-04-13,27.549999,27.620001,26.24,27.209999,27.209999,15059900,0.0,26.045895696889055
2020-04-14,28.0,28.41,27.6,27.940001,27.940001,13766200,1.0,26.316482168762043
2020-04-15,27.1,27.639999,26.75,27.51,27.51,15822200,0.0,26.486984716081754
2020-04-16,26.860001,27.17,25.959999,26.549999,26.549999,21946600,0.0,26.495986756641507
2020-04-17,27.16,27.92,26.469999,26.700001,26.700001,21129500,1.0,26.52513164854986
2020-04-20,26.309999,27.530001,26.110001,27.01,27.01,16755400,1.0,26.59439855589988
2020-04-21,26.389999,26.719999,25.059999,25.75,25.75,28093700,0.0,26.473770190771322
2020-04-22,27.0,28.5,26.450001,28.440001,28.440001,28558000,1.0,26.75466030637542
2020-04-23,28.43,28.84,27.73,27.860001,27.860001,19019600,0.0,26.91256611975036
2020-04-24,27.99,28.84,27.459999,28.74,28.74,15923400,1.0,27.173628102643168
2020-04-27,29.129999,30.389999,29.129999,30.0,30.0,22490600,1.0,27.577395516551288
2020-04-28,30.4,30.450001,28.57,28.790001,28.790001,23364000,0.0,27.750624871329673
2020-04-29,30.059999,31.5,29.620001,31.09,31.09,29568800,1.0,28.22767846113972
2020-04-30,28.790001,30.57,28.09,28.68,28.68,68959100,0.0,28.29229582383405
2020-05-01,28.0,28.450001,27.190001,27.84,27.84,28231100,0.0,28.2276821347149
2020-05-04,27.6,28.42,27.389999,28.23,28.23,17846300,1.0,28.228013258327056
2020-05-05,28.67,28.73,27.9,28.07,28.07,19221900,0.0,28.205439935708906
2020-05-06,28.35,28.42,27.549999,27.68,27.68,15531000,0.0,28.130377087750492
2020-05-07,28.08,28.780001,27.940001,28.77,28.77,16190500,1.0,28.221751789500424
2020-05-08,29.09,29.969999,28.74,29.93,29.93,19190300,1.0,28.465787248143222
2020-05-11,29.65,30.08,29.33,29.690001,29.690001,13839800,0.0,28.640674926979905
2020-05-12,29.85,29.93,29.09,29.15,29.15,13734500,0.0,28.713435651697065
2020-05-13,29.24,29.68,27.58,28.129999,28.129999,19401700,0.0,28.630087558597484
2020-05-14,27.83,28.58,27.120001,28.559999,28.559999,12364700,1.0,28.620074907369276
2020-05-15,28.299999,29.25,28.110001,29.0,29.0,15939200,1.0,28.674349920602236
2020-05-18,29.700001,30.290001,29.559999,29.639999,29.639999,15772400,1.0,28.81229978908763
2020-05-19,29.700001,30.35,29.33,29.879999,29.879999,17386200,1.0,28.964828247789395
2020-05-20,30.5,32.349998,30.450001,32.23,32.23,26955500,1.0,29.43128135524805
2020-05-21,32.099998,32.610001000000004,31.389999,32.34,32.34,22881700,1.0,29.846812590212615
2020-05-22,32.380001,32.77,31.780001,32.619999,32.619999,13310700,1.0,30.242982077325102
2020-05-26,33.599998,34.27,33.360001000000004,34.009998,34.009998,20489300,1.0,30.7811272091358
2020-05-27,33.630001,34.0,32.240002000000004,33.07,33.07,24550900,0.0,31.108109036402112
2020-05-28,31.5,32.68,31.32,31.6,31.6,37254900,0.0,31.178379174058954
2020-05-29,31.559999,31.610001,30.290001,30.969999,30.969999,39413300,0.0,31.148610577764817
2020-06-01,31.059999,32.099998,30.84,31.889999,31.889999,14583600,1.0,31.2545232095127
2020-06-02,32.189999,32.419998,31.610001,32.259998,32.259998,15318400,1.0,31.3981624652966
2020-06-03,32.610001000000004,35.040001000000004,32.439999,34.880001,34.880001,28396300,1.0,31.89556797025423
2020-06-04,34.5,34.939999,33.34,33.720001,33.720001,20265100,0.0,32.15620126021791
2020-06-05,34.470001,35.970001,34.470001,34.869999,34.869999,23211500,1.0,32.54388665161535
2020-06-08,35.959999,36.939999,35.75,36.639999,36.639999,20211900,1.0,33.129045558527444
2020-06-09,35.99000200000001,36.200001,35.16,35.919998,35.919998,17840700,0.0,33.527753050166375
2020-06-10,36.119999,36.439999,34.900002,35.139999,35.139999,17480700,0.0,33.758073900142605
2020-06-11,33.130001,34.450001,32.720001,33.029999,33.029999,23727900,0.0,33.65406320012223
2020-06-12,33.939999,34.169998,32.470001,33.400002,33.400002,14709400,1.0,33.61776874296191
2020-06-15,32.91,34.189999,32.84,34.110001000000004,34.110001000000004,19342200,1.0,33.68808763682449
2020-06-16,35.139999,35.459999,34.209999,34.630001,34.630001,20132400,1.0,33.822646688706705
2020-06-17,34.490002000000004,34.82,34.099998,34.34,34.34,12266100,0.0,33.89655430460575
2020-06-18,34.299999,34.450001,33.860001000000004,34.029999,34.029999,10543600,0.0,33.91561783251921
2020-06-19,34.639999,34.950001,33.400002,33.41,33.41,19345500,0.0,33.84338671358789
2020-06-22,33.57,33.639999,32.950001,33.470001,33.470001,12896600,1.0,33.79004589736105
2020-06-23,33.75,33.799999,32.73,32.91,32.91,20549300,0.0,33.6643250548809
2020-06-24,32.529999,33.060001,31.34,31.73,31.73,16586800,0.0,33.387992904183626
2020-06-25,31.540001,31.610001,30.82,31.370001,31.370001,17802600,0.0,33.09970834644311
2020-06-26,31.120001,31.32,28.75,29.049999,29.049999,56913600,0.0,32.521178439808374
2020-06-29,28.51,30.040001,28.23,29.49,29.49,27482800,1.0,32.08815294840718
2020-06-30,29.629999,29.82,29.02,29.790001,29.790001,20648000,1.0,31.75984552720615
2020-07-01,30.15,31.17,30.059999,30.809999,30.809999,20779000,1.0,31.6241531661767
2020-07-02,31.299999,31.4,30.4,30.870001,30.870001,14553700,1.0,31.516417142437174
2020-07-06,31.549999,32.810001,31.16,32.34,32.34,22400000,1.0,31.63407183637472
2020-07-07,31.959999,33.669998,31.77,32.990002000000004,32.990002000000004,27940900,1.0,31.827776145464046
2020-07-08,33.200001,36.98,32.73,35.41,35.41,109654700,1.0,32.339522410397755
2020-07-09,35.880001,36.18,34.810001,35.720001,35.720001,34648800,1.0,32.82244792319808
2020-07-10,35.459999,35.759998,34.860001000000004,35.400002,35.400002,15238700,0.0,33.19066993416978
2020-07-13,35.720001,36.209999,33.759998,33.82,33.82,22480600,0.0,33.28057422928838
2020-07-14,33.529999,34.66,33.439999,34.380001,34.380001,18533200,1.0,33.437635196532895
2020-07-15,35.119999,35.799999,34.619999,35.669998,35.669998,16579900,1.0,33.75654416845676
2020-07-16,34.130001,35.580002,34.0,35.279999,35.279999,24353300,0.0,33.974180572962936
2020-07-17,35.310001,36.0,34.73,35.810001,35.810001,18564800,1.0,34.23644063396823
2020-07-20,35.799999,37.169998,35.799999,37.060001,37.060001,16867000,1.0,34.639806400544195
2020-07-21,37.790001,38.5,37.0,37.009998,37.009998,19264300,0.0,34.978405200466455
2020-07-22,36.970001,37.419998,36.25,36.939999,36.939999,18185200,0.0,35.25863288611411
2020-07-23,37.650002,40.259998,37.5,38.439999,38.439999,90266700,1.0,35.71311375952638
2020-07-24,38.279999,38.540001,37.139999,37.540001,37.540001,23068300,0.0,35.97409765102261
2020-07-27,37.580002,37.59,36.09,36.849998,36.849998,22911300,0.0,36.099226272305096
2020-07-28,36.450001,37.32,36.41,36.610001,36.610001,13566800,0.0,36.17219409054723
2020-07-29,36.970001,37.25,36.73,37.16,37.16,10675600,1.0,36.31330922046905
2020-07-30,36.73,37.099998,36.380001,36.720001,36.720001,9997400,0.0,36.37140804611633
2020-07-31,37.330002,37.330002,35.970001,36.400002,36.400002,18624600,0.0,36.37549289667114
2020-08-03,36.41,36.889999,35.900002,36.389999,36.389999,15488000,0.0,36.37756519714669
2020-08-04,35.919998,36.610001,35.650002,36.349998,36.349998,10596700,0.0,36.37362702612573
2020-08-05,36.560001,37.34,36.41,36.790001,36.790001,10024000,1.0,36.43310902239348
2020-08-06,36.849998,37.810001,36.490002,37.689999,37.689999,10478900,1.0,36.61266473348012
2020-08-07,37.419998,38.029999,36.73,37.139999,37.139999,11341100,0.0,36.68799820012582
2020-08-10,38.360001,39.169998,37.310001,37.439999,37.439999,29298400,1.0,36.79542688582213
2020-08-11,37.59,39.0,36.709999,37.279999,37.279999,20486000,0.0,36.86465147356182
2020-08-12,37.5,38.0,36.82,37.439999,37.439999,11009500,1.0,36.9468439773387
2020-08-13,37.43,38.27,37.369999,37.82,37.82,13259400,1.0,37.071580552004605
2020-08-14,37.740002,37.959999,37.279999,37.900002,37.900002,10377300,1.0,37.1899264731468
2020-08-17,37.950001,38.09,37.27,37.970001,37.970001,10188500,1.0,37.301365691268686
2020-08-18,38.279999,38.459999,37.740002,38.009998,38.009998,8572500,1.0,37.40259887823031
2020-08-19,38.09,39.52,38.060001,38.889999,38.889999,17077200,1.0,37.6150846099117
2020-08-20,38.619999,39.0,38.299999,38.959999,38.959999,7745400,1.0,37.80721523706717
2020-08-21,38.990002,39.389999,38.700001,39.259998,39.259998,9758600,1.0,38.014755631771855
2020-08-24,39.68,40.799999,39.639999,40.490002,40.490002,20496600,1.0,38.36836225580445
2020-08-25,40.439999,40.700001,39.32,40.549999,40.549999,12470500,1.0,38.68002464783239
2020-08-26,40.549999,41.330002,40.0,41.080002,41.080002,12532500,1.0,39.0228785552849
2020-08-27,40.970001,41.25,40.07,40.389999,40.389999,13055000,0.0,39.21818147595848
2020-08-28,40.5,41.169998,40.419998,41.07,41.07,8024400,1.0,39.48272697939298
2020-08-31,40.990002,41.07,40.57,40.580002,40.580002,7468300,0.0,39.63948055376541
2020-09-01,40.610001,41.25,40.139999,41.150002,41.150002,10468000,1.0,39.85526933179892
2020-09-02,41.52,44.09,41.360001,43.669998,43.669998,26800000,1.0,40.400230570113365
2020-09-03,42.740002,43.0,40.959999,41.630001,41.630001,18760800,0.0,40.57591206009717
2020-09-04,41.200001,41.490002,38.43,39.869999,39.869999,17825000,0.0,40.47506733722614
2020-09-08,38.52,39.18,38.099998,38.189999,38.189999,16117300,0.0,40.148629003336694
2020-09-09,38.849998,39.810001,38.330002,39.560001,39.560001,10744000,1.0,40.0645392885743
2020-09-10,39.790001,40.400002,38.82,38.950001,38.950001,10412300,0.0,39.90531953306368
2020-09-11,39.240002,39.490002,38.509998,38.93,38.93,9885500,0.0,39.76598817119744
2020-09-14,39.41,39.59,38.549999,38.77,38.77,9418400,0.0,39.62370414674066
2020-09-15,39.189999,39.299999,38.23,39.09,39.09,14105000,1.0,39.54746069720628
2020-09-16,39.389999,40.900002,39.189999,39.599998,39.599998,18883300,1.0,39.55496602617682
2020-09-17,38.849998,39.529999,38.599998,39.349998,39.349998,12753000,0.0,39.525684879580126
2020-09-18,39.360001,40.240002,38.93,40.150002,40.150002,19493000,1.0,39.6148730396401
2020-09-21,39.43,40.200001,39.220001,39.900002,39.900002,13790000,0.0,39.65560574826294
2020-09-22,40.369999,42.830002,40.27,42.73,42.73,22379000,1.0,40.09480492708252
2020-09-23,43.880001,46.82,43.700001,45.330002,45.330002,64803800,1.0,40.84269022321359
2020-09-24,44.689999,45.07,42.66,43.139999,43.139999,27772800,0.0,41.17087719132593
2020-09-25,43.209999,44.02,42.59,43.84,43.84,15456600,1.0,41.55218044970794
2020-09-28,44.400002,44.419998,43.610001,44.150002,44.150002,11672200,1.0,41.92329781403537
2020-09-29,44.349998,45.509998,44.290001,44.740002,44.740002,13585100,1.0,42.325684126316034
2020-09-30,44.619999,45.09,43.950001,44.5,44.5,12923400,0.0,42.63630067969945
2020-10-01,45.07,46.720001,44.98,46.700001,46.700001,18687000,1.0,43.216829296885244
2020-10-02,45.540001,46.889999,45.43,46.119999,46.119999,13496800,0.0,43.63156782590164
2020-10-05,46.459999,47.5,46.119999,47.310001,47.310001,11202400,1.0,44.15705827934426
2020-10-06,47.27,47.869999,45.029999,45.599998,45.599998,15666600,0.0,44.36319252515222
2020-10-07,46.07,46.400002,45.740002,45.869999,45.869999,19407700,1.0,44.57845059298762
2020-10-08,46.439999,46.619999,45.779999,46.009998,46.009998,11355500,1.0,44.782957365417964
2020-10-09,46.400002,46.41,45.66,45.900002,45.900002,8285400,0.0,44.942535170358255
2020-10-12,47.610001,48.650002,47.41,48.25,48.25,24162400,1.0,45.41503014602136
2020-10-13,48.279999,48.32,46.990002,47.0,47.0,9805900,0.0,45.64145441087545
2020-10-14,47.490002,47.700001,45.619999,45.98,45.98,14449000,0.0,45.689818066464674
2020-10-15,45.060001,46.09,44.299999,46.029999,46.029999,19823800,1.0,45.738415342684
2020-10-16,46.360001,46.450001,45.049999,45.810001,45.810001,13005300,0.0,45.748641865157715
2020-10-19,46.049999,46.299999,45.240002,45.82,45.82,9870700,1.0,45.7588358844209
2020-10-20,45.549999,46.779999,45.459999,46.349998,46.349998,9508400,1.0,45.84328761521791
2020-10-21,48.970001,50.529999,48.849998,50.240002,50.240002,30719700,1.0,46.47138967018678
2020-10-22,50.0,50.34,48.110001,50.279999,50.279999,18289000,1.0,47.015476717302946
2020-10-23,50.200001,50.5,48.939999,50.439999,50.439999,14897700,1.0,47.50469418625967
2020-10-26,50.0,50.650002,48.400002,49.0,49.0,22804000,0.0,47.718309302508295
2020-10-27,49.5,51.509998,49.139999,51.27,51.27,19306200,1.0,48.22569368786425
2020-10-28,49.599998,50.0,48.25,48.529999,48.529999,20168100,0.0,48.26916587531222
2020-10-29,51.950001,52.93,50.57,52.43,52.43,55935600,1.0,48.86357075026762
2020-10-30,44.529999,45.18,40.830002,41.360001,41.360001,86346700,0.0,47.791632214515104
2020-11-02,41.150002,41.599998,38.93,39.470001,39.470001,47323500,0.0,46.60282775529866
2020-11-03,40.029999,42.119999,40.029999,41.73,41.73,33813100,1.0,45.90670950454171
2020-11-04,42.23,42.93,40.810001,42.759998,42.759998,34717000,1.0,45.457179289607176
2020-11-05,43.509998,44.040001,42.48,43.709999,43.709999,19693600,1.0,45.207582105377575
2020-11-06,43.509998,44.189999,42.82,43.119999,43.119999,17096900,0.0,44.909355947466494
2020-11-09,43.959999,45.18,43.110001,43.189999,43.189999,21244700,1.0,44.663733526399845
2020-11-10,43.360001,43.970001,41.610001,42.41,42.41,14129200,0.0,44.341771594057
2020-11-11,42.970001,43.73,42.860001,43.630001,43.630001,11060800,1.0,44.240090080620284
2020-11-12,43.299999,44.150002,42.68,42.810001,42.810001,9104100,0.0,44.03579164053167
2020-11-13,43.25,43.529999,42.419998,43.48,43.48,8112900,1.0,43.956392834741436
2020-11-16,43.5,43.639999,42.43,42.73,42.73,14275400,0.0,43.7811938583498
2020-11-17,42.360001,43.43,42.360001,42.849998,42.849998,11288800,1.0,43.64816587858554
2020-11-18,42.939999,44.290001,42.799999,43.330002,43.330002,9988700,1.0,43.60271389593046
2020-11-19,43.119999,43.869999,42.799999,43.619999,43.619999,13874000,1.0,43.60518319651182
2020-11-20,43.799999,45.32,43.450001,44.68,44.68,17045500,1.0,43.758728454152994
2020-11-23,44.900002,45.57,44.18,44.939999,44.939999,10392100,1.0,43.927481389274
2020-11-24,45.130001,45.439999,44.459999,45.23,45.23,9053900,1.0,44.113555476520574
2020-11-25,44.970001,46.849998,44.849998,46.43,46.43,15076600,1.0,44.44447612273193
2020-11-27,46.560001,47.009998,46.200001,46.59,46.59,5133300,1.0,44.75097953377023
2020-11-30,46.52,46.82,44.939999,46.509998,46.509998,9968800,0.0,45.00226788608877
2020-12-01,46.759998,47.27,45.810001,46.669998,46.669998,9080300,1.0,45.24051504521895
2020-12-02,46.360001,47.939999,45.93,47.23,47.23,10284000,1.0,45.52472718161624
2020-12-03,47.169998,48.150002,47.029999,47.790001,47.790001,7136000,1.0,45.84833772709964
2020-12-04,47.75,48.34,47.669998,47.73,47.73,6275300,0.0,46.117146623228265
2020-12-07,47.549999,48.34,47.07,47.900002,47.900002,7746200,1.0,46.37184024848136
2020-12-08,47.790001,48.099998,46.900002,47.43,47.43,7454900,0.0,46.52300592726974
2020-12-09,47.48,48.740002,46.919998,47.23,47.23,9244800,0.0,46.62400508051693
2020-12-10,46.700001,51.740002,46.540001,51.209999,51.209999,24147200,1.0,47.27914706901451
2020-12-11,50.619999,52.450001,49.970001,51.439999,51.439999,18020200,1.0,47.87355448772672
2020-12-14,51.970001,53.48,51.799999,52.02,52.02,17418200,1.0,48.4659038466229
2020-12-15,52.02,52.959999,51.610001,52.82,52.82,10868700,1.0,49.08791758281963
2020-12-16,54.77,56.110001,53.639999,54.029999,54.029999,29099400,1.0,49.793929213845395
2020-12-17,54.57,55.169998,53.939999,54.630001,54.630001,11739900,1.0,50.48479661186748
2020-12-18,54.93,56.080002,54.27,55.869999,55.869999,20450300,1.0,51.25411123874356
2020-12-21,54.5,55.68,53.580002,54.639999,54.639999,10349400,0.0,51.737809490351616
2020-12-22,55.0,55.68,54.369999,54.91,54.91,9259200,1.0,52.19097956315852
2020-12-23,55.34,55.450001,54.23,54.299999,54.299999,6008600,0.0,52.49226805413588
2020-12-24,54.52,55.189999,53.860001,53.970001,53.970001,3661100,0.0,52.7033727606879
2020-12-28,55.0,55.18,53.93,54.43,54.43,6829600,1.0,52.950033794875345
2020-12-29,54.509998,55.400002,53.549999,54.360001,54.360001,6644800,0.0,53.15145768132173
2020-12-30,54.689999,54.91,54.139999,54.330002,54.330002,5329500,0.0,53.319821155418616
2020-12-31,54.240002,54.310001,53.740002,54.150002,54.150002,4832300,0.0,53.43841841893023
