Date,Open,High,Low,Close
12-31-2020,"3,733.27","3,760.20","3,726.88","3756.07"
12-30-2020,"3,736.19","3,744.63","3,730.21","3732.04"
12-29-2020,"3,750.01","3,756.12","3,723.31","3727.04"
12-28-2020,"3,723.03","3,740.51","3,723.03","3735.36"
12-24-2020,"3,694.03","3,703.82","3,689.32","3703.06"
12-23-2020,"3,693.42","3,711.24","3,689.28","3690.01"
12-22-2020,"3,698.08","3,698.26","3,676.16","3687.26"
12-21-2020,"3,684.28","3,702.90","3,636.48","3694.92"
12-18-2020,"3,722.39","3,726.70","3,685.84","3709.41"
12-17-2020,"3,713.65","3,725.12","3,710.87","3722.48"
12-16-2020,"3,696.25","3,711.27","3,688.57","3701.17"
12-15-2020,"3,666.41","3,695.29","3,659.62","3694.62"
12-14-2020,"3,675.27","3,697.61","3,645.84","3647.49"
12-11-2020,"3,656.08","3,665.91","3,633.40","3663.46"
12-10-2020,"3,659.13","3,678.49","3,645.18","3668.10"
12-09-2020,"3,705.98","3,712.39","3,660.54","3672.82"
12-08-2020,"3,683.05","3,708.45","3,678.83","3702.25"
12-07-2020,"3,694.73","3,697.41","3,678.88","3691.96"
12-04-2020,"3,670.94","3,699.20","3,670.94","3699.12"
12-03-2020,"3,668.28","3,682.73","3,657.17","3666.72"
12-02-2020,"3,653.78","3,670.96","3,644.84","3669.01"
12-01-2020,"3,645.87","3,678.45","3,645.87","3662.45"
11-30-2020,"3,634.18","3,634.18","3,594.39","3621.63"
11-27-2020,"3,638.55","3,644.31","3,629.33","3638.35"
11-25-2020,"3,635.50","3,635.50","3,617.76","3629.65"
11-24-2020,"3,594.52","3,642.31","3,594.52","3635.41"
11-23-2020,"3,566.82","3,589.81","3,552.77","3577.59"
11-20-2020,"3,579.31","3,581.23","3,556.85","3557.54"
11-19-2020,"3,559.41","3,585.22","3,543.84","3581.87"
11-18-2020,"3,612.09","3,619.09","3,567.33","3567.79"
11-17-2020,"3,610.31","3,623.11","3,588.68","3609.53"
11-16-2020,"3,600.16","3,628.51","3,600.16","3626.91"
11-13-2020,"3,552.57","3,593.66","3,552.57","3585.15"
11-12-2020,"3,562.67","3,569.02","3,518.58","3537.01"
11-11-2020,"3,563.22","3,581.16","3,557.00","3572.66"
11-10-2020,"3,543.26","3,557.22","3,511.91","3545.53"
11-09-2020,"3,583.04","3,645.99","3,547.48","3550.50"
11-06-2020,"3,508.34","3,521.58","3,484.34","3509.44"
11-05-2020,"3,485.74","3,529.05","3,485.74","3510.45"
11-04-2020,"3,406.46","3,486.25","3,405.17","3443.44"
11-03-2020,"3,336.25","3,389.49","3,336.25","3369.16"
11-02-2020,"3,296.20","3,330.14","3,279.74","3310.24"
10-30-2020,"3,293.59","3,304.93","3,233.94","3269.96"
10-29-2020,"3,277.17","3,341.05","3,259.82","3310.11"
10-28-2020,"3,342.48","3,342.48","3,268.89","3271.03"
10-27-2020,"3,403.15","3,409.51","3,388.71","3390.68"
10-26-2020,"3,441.42","3,441.42","3,364.86","3400.97"
10-23-2020,"3,464.90","3,466.46","3,440.45","3465.39"
10-22-2020,"3,438.50","3,460.53","3,415.34","3453.49"
10-21-2020,"3,439.91","3,464.86","3,433.06","3435.56"
10-20-2020,"3,439.38","3,476.93","3,435.65","3443.12"
10-19-2020,"3,493.66","3,502.42","3,419.93","3426.92"
10-16-2020,"3,493.50","3,515.76","3,480.45","3483.81"
10-15-2020,"3,453.72","3,489.08","3,440.89","3483.34"
10-14-2020,"3,515.47","3,527.94","3,480.55","3488.67"
10-13-2020,"3,534.01","3,534.01","3,500.86","3511.93"
10-12-2020,"3,500.02","3,549.85","3,499.61","3534.22"
10-09-2020,"3,459.67","3,482.34","3,458.07","3477.13"
10-08-2020,"3,434.28","3,447.28","3,428.15","3446.83"
10-07-2020,"3,384.56","3,426.26","3,384.56","3419.45"
10-06-2020,"3,408.74","3,431.56","3,354.54","3360.95"
10-05-2020,"3,367.27","3,409.57","3,367.27","3408.63"
10-02-2020,"3,338.94","3,369.10","3,323.69","3348.44"
10-01-2020,"3,385.87","3,397.18","3,361.39","3380.80"
09-30-2020,"3,341.21","3,393.56","3,340.47","3363.00"
09-29-2020,"3,350.92","3,357.92","3,327.54","3335.47"
09-28-2020,"3,333.90","3,360.74","3,332.91","3351.60"
09-25-2020,"3,236.66","3,306.88","3,228.44","3298.46"
09-24-2020,"3,226.14","3,278.70","3,209.45","3246.59"
09-23-2020,"3,320.11","3,323.35","3,232.57","3236.92"
09-22-2020,"3,295.75","3,320.31","3,270.95","3315.57"
09-21-2020,"3,285.57","3,285.57","3,229.10","3281.06"
09-18-2020,"3,357.38","3,362.27","3,292.40","3319.47"
09-17-2020,"3,346.86","3,375.17","3,328.82","3357.01"
09-16-2020,"3,411.23","3,428.92","3,384.45","3385.49"
09-15-2020,"3,407.73","3,419.48","3,389.25","3401.20"
09-14-2020,"3,363.56","3,402.93","3,363.56","3383.54"
09-11-2020,"3,352.70","3,368.95","3,310.47","3340.97"
09-10-2020,"3,412.56","3,425.55","3,329.25","3339.19"
09-09-2020,"3,369.82","3,424.77","3,366.84","3398.96"
09-08-2020,"3,371.88","3,379.97","3,329.27","3331.84"
09-04-2020,"3,453.60","3,479.15","3,349.63","3426.96"
09-03-2020,"3,564.74","3,564.85","3,427.41","3455.06"
09-02-2020,"3,543.76","3,588.11","3,535.23","3580.84"
09-01-2020,"3,507.44","3,528.03","3,494.60","3526.65"
08-31-2020,"3,509.73","3,514.77","3,493.25","3500.31"
08-28-2020,"3,494.69","3,509.23","3,484.32","3508.01"
08-27-2020,"3,485.14","3,501.38","3,468.35","3484.55"
08-26-2020,"3,449.97","3,481.07","3,444.15","3478.73"
08-25-2020,"3,435.95","3,444.21","3,425.84","3443.62"
08-24-2020,"3,418.09","3,432.09","3,413.13","3431.28"
08-21-2020,"3,386.01","3,399.96","3,379.31","3397.16"
08-20-2020,"3,360.48","3,390.80","3,354.69","3385.51"
08-19-2020,"3,392.51","3,399.54","3,369.66","3374.85"
08-18-2020,"3,387.04","3,395.06","3,370.15","3389.78"
08-17-2020,"3,380.86","3,387.59","3,379.22","3381.99"
08-14-2020,"3,368.66","3,378.51","3,361.64","3372.85"
08-13-2020,"3,372.95","3,387.24","3,363.35","3373.43"
08-12-2020,"3,355.46","3,387.89","3,355.46","3380.35"
08-11-2020,"3,370.34","3,381.01","3,326.44","3333.69"
08-10-2020,"3,356.04","3,363.29","3,335.44","3360.47"
08-07-2020,"3,340.05","3,352.54","3,328.72","3351.28"
08-06-2020,"3,323.17","3,351.03","3,318.14","3349.16"
08-05-2020,"3,317.37","3,330.77","3,317.37","3327.77"
08-04-2020,"3,289.92","3,306.84","3,286.37","3306.51"
08-03-2020,"3,288.26","3,302.73","3,284.53","3294.61"
07-31-2020,"3,270.45","3,272.17","3,220.26","3271.12"
07-30-2020,"3,231.76","3,250.92","3,204.13","3246.22"
07-29-2020,"3,227.22","3,264.74","3,227.22","3258.44"
07-28-2020,"3,234.27","3,243.72","3,216.17","3218.44"
07-27-2020,"3,219.84","3,241.43","3,214.25","3239.41"
07-24-2020,"3,218.58","3,227.26","3,200.05","3215.63"
07-23-2020,"3,271.64","3,279.99","3,222.66","3235.66"
07-22-2020,"3,254.86","3,279.32","3,253.10","3276.02"
07-21-2020,"3,268.52","3,277.29","3,247.77","3257.30"
07-20-2020,"3,224.29","3,258.61","3,215.16","3251.84"
07-17-2020,"3,224.21","3,233.52","3,205.65","3224.73"
07-16-2020,"3,208.36","3,220.39","3,198.59","3215.57"
07-15-2020,"3,225.98","3,238.28","3,200.76","3226.56"
07-14-2020,"3,141.11","3,200.95","3,127.66","3197.52"
07-13-2020,"3,205.08","3,235.32","3,149.43","3155.22"
07-10-2020,"3,152.47","3,186.82","3,136.22","3185.04"
07-09-2020,"3,176.17","3,179.78","3,115.70","3152.05"
07-08-2020,"3,153.07","3,171.80","3,136.53","3169.94"
07-07-2020,"3,166.44","3,184.15","3,142.93","3145.32"
07-06-2020,"3,155.29","3,182.59","3,155.29","3179.72"
07-02-2020,"3,143.64","3,165.81","3,124.52","3130.01"
07-01-2020,"3,105.92","3,128.44","3,101.17","3115.86"
06-30-2020,"3,050.20","3,111.51","3,047.83","3100.29"
06-29-2020,"3,018.59","3,053.89","2,999.74","3053.24"
06-26-2020,"3,073.20","3,073.73","3,004.63","3009.05"
06-25-2020,"3,046.60","3,086.25","3,024.01","3083.76"
06-24-2020,"3,114.40","3,115.01","3,032.13","3050.33"
06-23-2020,"3,138.70","3,154.90","3,127.12","3131.29"
06-22-2020,"3,094.42","3,120.92","3,079.39","3117.86"
06-19-2020,"3,140.29","3,155.53","3,083.11","3097.74"
06-18-2020,"3,101.64","3,120.00","3,093.51","3115.34"
06-17-2020,"3,136.13","3,141.16","3,108.03","3113.49"
06-16-2020,"3,131.00","3,153.45","3,076.06","3124.74"
06-15-2020,"2,993.76","3,079.76","2,965.66","3066.59"
06-12-2020,"3,071.04","3,088.42","2,984.47","3041.31"
06-11-2020,"3,123.53","3,123.53","2,999.49","3002.10"
06-10-2020,"3,213.42","3,223.27","3,181.49","3190.14"
06-09-2020,"3,213.32","3,222.71","3,193.11","3207.18"
06-08-2020,"3,199.92","3,233.13","3,196.00","3232.39"
06-05-2020,"3,163.84","3,211.72","3,163.84","3193.93"
06-04-2020,"3,111.56","3,128.91","3,090.41","3112.35"
06-03-2020,"3,098.90","3,130.94","3,098.90","3122.87"
06-02-2020,"3,064.78","3,081.07","3,051.64","3080.82"
06-01-2020,"3,038.78","3,062.18","3,031.54","3055.73"
05-29-2020,"3,025.17","3,049.17","2,998.61","3044.31"
05-28-2020,"3,046.61","3,068.67","3,023.40","3029.73"
05-27-2020,"3,015.65","3,036.25","2,969.75","3036.13"
05-26-2020,"3,004.08","3,021.72","2,988.17","2991.77"
05-22-2020,"2,948.05","2,956.76","2,933.59","2955.45"
05-21-2020,"2,969.95","2,978.50","2,938.57","2948.51"
05-20-2020,"2,953.63","2,980.29","2,953.63","2971.61"
05-19-2020,"2,948.59","2,964.21","2,922.35","2922.94"
05-18-2020,"2,913.86","2,968.09","2,913.86","2953.91"
05-15-2020,"2,829.95","2,865.01","2,816.78","2863.70"
05-14-2020,"2,794.54","2,852.80","2,766.64","2852.50"
05-13-2020,"2,865.86","2,874.14","2,793.15","2820.00"
05-12-2020,"2,939.50","2,945.82","2,869.59","2870.12"
05-11-2020,"2,915.46","2,944.25","2,903.44","2930.32"
05-08-2020,"2,908.83","2,932.16","2,902.88","2929.80"
05-07-2020,"2,878.26","2,901.92","2,876.48","2881.19"
05-06-2020,"2,883.14","2,891.11","2,847.65","2848.42"
05-05-2020,"2,868.88","2,898.23","2,863.55","2868.44"
05-04-2020,"2,815.01","2,844.24","2,797.85","2842.74"
05-01-2020,"2,869.09","2,869.09","2,821.61","2830.71"
04-30-2020,"2,930.91","2,930.91","2,892.47","2912.43"
04-29-2020,"2,918.46","2,954.86","2,912.16","2939.51"
04-28-2020,"2,909.96","2,921.15","2,860.71","2863.39"
04-27-2020,"2,854.65","2,887.72","2,852.89","2878.48"
04-24-2020,"2,812.64","2,842.71","2,791.76","2836.74"
04-23-2020,"2,810.42","2,844.90","2,794.26","2797.80"
04-22-2020,"2,787.89","2,815.10","2,775.95","2799.31"
04-21-2020,"2,784.81","2,785.54","2,727.10","2736.56"
04-20-2020,"2,845.62","2,868.98","2,820.43","2823.16"
04-17-2020,"2,842.43","2,879.22","2,830.88","2874.56"
04-16-2020,"2,799.34","2,806.51","2,764.32","2799.55"
04-15-2020,"2,795.64","2,801.88","2,761.54","2783.36"
04-14-2020,"2,805.10","2,851.85","2,805.10","2846.06"
04-13-2020,"2,782.46","2,782.46","2,721.17","2761.63"
04-09-2020,"2,776.99","2,818.57","2,762.36","2789.82"
04-08-2020,"2,685.00","2,760.75","2,663.30","2749.98"
04-07-2020,"2,738.65","2,756.89","2,657.67","2659.41"
04-06-2020,"2,578.28","2,676.85","2,574.57","2663.68"
04-03-2020,"2,514.92","2,538.18","2,459.96","2488.65"
04-02-2020,"2,458.54","2,533.22","2,455.79","2526.90"
04-01-2020,"2,498.08","2,522.75","2,447.49","2470.50"
03-31-2020,"2,614.69","2,641.39","2,571.15","2584.59"
03-30-2020,"2,558.98","2,631.80","2,545.28","2626.65"
03-27-2020,"2,555.87","2,615.91","2,520.02","2541.47"
03-26-2020,"2,501.29","2,637.01","2,500.72","2630.07"
03-25-2020,"2,457.77","2,571.42","2,407.53","2475.56"
03-24-2020,"2,344.44","2,449.71","2,344.44","2447.33"
03-23-2020,"2,290.71","2,300.73","2,191.86","2237.40"
03-20-2020,"2,431.94","2,453.01","2,295.56","2304.92"
03-19-2020,"2,393.48","2,466.97","2,319.78","2409.39"
03-18-2020,"2,436.50","2,453.57","2,280.52","2398.10"
03-17-2020,"2,425.66","2,553.93","2,367.04","2529.19"
03-16-2020,"2,508.59","2,562.98","2,380.94","2386.13"
03-13-2020,"2,569.99","2,711.33","2,492.37","2711.02"
03-12-2020,"2,630.86","2,660.95","2,478.86","2480.64"
03-11-2020,"2,825.60","2,825.60","2,707.22","2741.38"
03-10-2020,"2,813.48","2,882.59","2,734.00","2882.23"
03-09-2020,"2,863.89","2,863.89","2,734.43","2746.56"
03-06-2020,"2,954.20","2,985.93","2,901.54","2972.37"
03-05-2020,"3,075.70","3,083.04","2,999.83","3023.94"
03-04-2020,"3,045.75","3,130.97","3,034.38","3130.12"
03-03-2020,"3,096.46","3,136.72","2,976.63","3003.37"
03-02-2020,"2,974.28","3,090.96","2,945.19","3090.23"
02-28-2020,"2,916.90","2,959.72","2,855.84","2954.22"
02-27-2020,"3,062.54","3,097.07","2,977.39","2978.76"
02-26-2020,"3,139.90","3,182.51","3,108.99","3116.39"
02-25-2020,"3,238.94","3,246.99","3,118.77","3128.21"
02-24-2020,"3,257.61","3,259.81","3,214.65","3225.89"
02-21-2020,"3,360.50","3,360.76","3,328.45","3337.75"
02-20-2020,"3,380.45","3,389.15","3,341.02","3373.23"
02-19-2020,"3,380.39","3,393.52","3,378.83","3386.15"
02-18-2020,"3,369.04","3,375.01","3,355.61","3370.29"
02-14-2020,"3,378.08","3,380.69","3,366.15","3380.16"
02-13-2020,"3,365.90","3,385.09","3,360.52","3373.94"
02-12-2020,"3,370.50","3,381.47","3,369.72","3379.45"
02-11-2020,"3,365.87","3,375.63","3,352.72","3357.75"
02-10-2020,"3,318.28","3,352.26","3,317.77","3352.09"
02-07-2020,"3,335.54","3,341.42","3,322.12","3327.71"
02-06-2020,"3,344.92","3,347.96","3,334.39","3345.78"
02-05-2020,"3,324.91","3,337.58","3,313.75","3334.69"
02-04-2020,"3,280.61","3,306.92","3,280.61","3297.59"
02-03-2020,"3,235.66","3,268.44","3,235.66","3248.92"
01-31-2020,"3,282.33","3,282.33","3,214.68","3225.52"
01-30-2020,"3,256.45","3,285.91","3,242.80","3283.66"
01-29-2020,"3,289.46","3,293.47","3,271.89","3273.40"
01-28-2020,"3,255.35","3,285.78","3,253.22","3276.24"
01-27-2020,"3,247.16","3,258.85","3,234.50","3243.63"
01-24-2020,"3,333.10","3,333.18","3,281.53","3295.47"
01-23-2020,"3,315.77","3,326.88","3,301.87","3325.54"
01-22-2020,"3,330.02","3,337.77","3,320.04","3321.75"
01-21-2020,"3,321.03","3,329.79","3,316.61","3320.79"
01-17-2020,"3,323.66","3,329.88","3,318.86","3329.62"
01-16-2020,"3,302.97","3,317.11","3,302.82","3316.81"
01-15-2020,"3,282.27","3,298.66","3,280.69","3289.29"
01-14-2020,"3,285.35","3,294.25","3,277.19","3283.15"
01-13-2020,"3,271.13","3,288.13","3,268.43","3288.13"
01-10-2020,"3,281.81","3,282.99","3,260.86","3265.35"
01-09-2020,"3,266.03","3,275.58","3,263.67","3274.70"
01-08-2020,"3,238.59","3,267.07","3,236.67","3253.05"
01-07-2020,"3,241.86","3,244.91","3,232.43","3237.18"
01-06-2020,"3,217.55","3,246.84","3,214.64","3246.28"
01-03-2020,"3,226.36","3,246.15","3,222.34","3234.85"
01-02-2020,"3,244.67","3,258.14","3,235.53","3257.85"
12-31-2019,"3,215.18","3,231.72","3,212.03","3230.78"
12-30-2019,"3,240.09","3,240.92","3,216.57","3221.29"
12-27-2019,"3,247.23","3,247.93","3,234.37","3240.02"
12-26-2019,"3,227.20","3,240.08","3,227.20","3239.91"
12-24-2019,"3,225.45","3,226.43","3,220.51","3223.38"
12-23-2019,"3,226.05","3,227.78","3,222.30","3224.01"
12-20-2019,"3,223.33","3,225.65","3,216.03","3221.22"
12-19-2019,"3,192.32","3,205.48","3,192.32","3205.37"
12-18-2019,"3,195.21","3,198.48","3,191.14","3191.14"
12-17-2019,"3,195.40","3,198.22","3,191.03","3192.52"
12-16-2019,"3,183.63","3,197.71","3,183.63","3191.45"
12-13-2019,"3,166.65","3,182.68","3,156.51","3168.80"
12-12-2019,"3,141.23","3,176.28","3,138.47","3168.57"
12-11-2019,"3,135.75","3,143.98","3,133.21","3141.63"
12-10-2019,"3,135.36","3,142.12","3,126.09","3132.52"
12-09-2019,"3,141.86","3,148.87","3,135.46","3135.96"
12-06-2019,"3,134.62","3,150.60","3,134.62","3145.91"
12-05-2019,"3,119.21","3,119.45","3,103.76","3117.43"
12-04-2019,"3,103.50","3,119.38","3,102.53","3112.76"
12-03-2019,"3,087.41","3,094.97","3,070.33","3093.20"
12-02-2019,"3,143.85","3,144.31","3,110.78","3113.87"
11-29-2019,"3,147.18","3,150.30","3,139.34","3140.98"
11-27-2019,"3,145.49","3,154.26","3,143.41","3153.63"
11-26-2019,"3,134.85","3,142.69","3,131.00","3140.52"
11-25-2019,"3,117.44","3,133.83","3,117.44","3133.64"
11-22-2019,"3,111.41","3,112.87","3,099.26","3110.29"
11-21-2019,"3,108.49","3,110.11","3,094.55","3103.54"
11-20-2019,"3,114.66","3,118.97","3,091.41","3108.46"
11-19-2019,"3,127.45","3,127.64","3,113.47","3120.18"
11-18-2019,"3,117.91","3,124.17","3,112.06","3122.03"
11-15-2019,"3,107.92","3,120.46","3,104.60","3120.46"
11-14-2019,"3,090.75","3,098.20","3,083.26","3096.63"
11-13-2019,"3,084.18","3,098.06","3,078.80","3094.04"
11-12-2019,"3,089.28","3,102.61","3,084.73","3091.84"
11-11-2019,"3,080.33","3,088.33","3,075.82","3087.01"
11-08-2019,"3,081.25","3,093.09","3,073.58","3093.08"
11-07-2019,"3,087.02","3,097.77","3,080.23","3085.18"
11-06-2019,"3,075.10","3,078.34","3,065.89","3076.78"
11-05-2019,"3,080.80","3,083.95","3,072.15","3074.62"
11-04-2019,"3,078.96","3,085.20","3,074.87","3078.27"
11-01-2019,"3,050.72","3,066.95","3,050.72","3066.91"
10-31-2019,"3,046.90","3,046.90","3,023.19","3037.56"
10-30-2019,"3,039.74","3,050.10","3,025.96","3046.77"
10-29-2019,"3,035.39","3,047.87","3,034.81","3036.89"
10-28-2019,"3,032.12","3,044.08","3,032.12","3039.42"
10-25-2019,"3,003.32","3,027.39","3,001.94","3022.55"
10-24-2019,"3,014.78","3,016.07","3,000.42","3010.29"
10-23-2019,"2,994.01","3,004.78","2,991.21","3004.52"
10-22-2019,"3,010.73","3,014.57","2,995.04","2995.99"
10-21-2019,"2,996.48","3,007.33","2,995.35","3006.72"
10-18-2019,"2,996.84","3,000.00","2,976.31","2986.20"
10-17-2019,"3,000.77","3,008.29","2,991.79","2997.95"
10-16-2019,"2,989.68","2,997.54","2,985.20","2989.69"
10-15-2019,"2,973.61","3,003.28","2,973.61","2995.68"
10-14-2019,"2,965.81","2,972.84","2,962.94","2966.15"
10-11-2019,"2,963.07","2,993.28","2,963.07","2970.27"
10-10-2019,"2,918.55","2,948.46","2,917.12","2938.13"
10-09-2019,"2,911.10","2,929.32","2,907.41","2919.40"
10-08-2019,"2,920.40","2,925.47","2,892.66","2893.06"
10-07-2019,"2,944.23","2,959.75","2,935.68","2938.79"
10-04-2019,"2,918.56","2,953.74","2,918.56","2952.01"
10-03-2019,"2,885.38","2,911.13","2,855.94","2910.63"
10-02-2019,"2,924.78","2,924.78","2,874.93","2887.61"
10-01-2019,"2,983.69","2,992.53","2,938.70","2940.25"
09-30-2019,"2,967.07","2,983.85","2,967.07","2976.74"
09-27-2019,"2,985.47","2,987.31","2,945.53","2961.79"
09-26-2019,"2,985.73","2,987.28","2,963.71","2977.62"
09-25-2019,"2,968.35","2,989.82","2,952.86","2984.87"
09-24-2019,"3,002.43","3,007.98","2,957.73","2966.60"
09-23-2019,"2,983.50","2,999.15","2,982.23","2991.78"
09-20-2019,"3,008.42","3,016.37","2,984.68","2992.07"
09-19-2019,"3,010.36","3,021.99","3,003.16","3006.79"
09-18-2019,"3,001.50","3,007.83","2,978.57","3006.73"
09-17-2019,"2,995.67","3,006.21","2,993.73","3005.70"
09-16-2019,"2,996.41","3,002.19","2,990.67","2997.96"
09-13-2019,"3,012.21","3,017.33","3,002.90","3007.39"
09-12-2019,"3,009.08","3,020.74","3,000.92","3009.57"
09-11-2019,"2,981.41","3,000.93","2,975.31","3000.93"
09-10-2019,"2,971.01","2,979.39","2,957.01","2979.39"
09-09-2019,"2,988.43","2,989.43","2,969.39","2978.43"
09-06-2019,"2,980.33","2,985.03","2,972.51","2978.71"
09-05-2019,"2,960.60","2,985.86","2,960.60","2976.00"
09-04-2019,"2,924.67","2,938.84","2,921.86","2937.78"
09-03-2019,"2,909.01","2,914.39","2,891.85","2906.27"
08-30-2019,"2,937.09","2,940.43","2,913.32","2926.46"
08-29-2019,"2,910.37","2,930.50","2,905.67","2924.58"
08-28-2019,"2,861.28","2,890.03","2,853.05","2887.94"
08-27-2019,"2,893.14","2,898.79","2,860.59","2869.16"
08-26-2019,"2,866.70","2,879.27","2,856.00","2878.38"
08-23-2019,"2,911.07","2,927.01","2,834.97","2847.11"
08-22-2019,"2,930.94","2,939.08","2,904.51","2922.95"
08-21-2019,"2,922.04","2,928.73","2,917.91","2924.43"
08-20-2019,"2,919.01","2,923.63","2,899.60","2900.51"
08-19-2019,"2,913.48","2,931.00","2,913.48","2923.65"
08-16-2019,"2,864.74","2,893.63","2,864.74","2888.68"
08-15-2019,"2,846.20","2,856.67","2,825.51","2847.60"
08-14-2019,"2,894.15","2,894.15","2,839.64","2840.60"
08-13-2019,"2,880.72","2,943.31","2,877.05","2926.32"
08-12-2019,"2,907.07","2,907.58","2,873.14","2883.75"
08-09-2019,"2,930.51","2,935.75","2,900.15","2918.65"
08-08-2019,"2,896.21","2,938.72","2,894.47","2938.09"
08-07-2019,"2,858.65","2,892.17","2,825.71","2883.98"
08-06-2019,"2,861.18","2,884.40","2,847.42","2881.77"
08-05-2019,"2,898.07","2,898.07","2,822.12","2844.74"
08-02-2019,"2,943.90","2,945.50","2,914.11","2932.05"
08-01-2019,"2,980.32","3,013.59","2,945.23","2953.56"
07-31-2019,"3,016.22","3,017.40","2,958.08","2980.38"
07-30-2019,"3,007.66","3,017.19","3,000.94","3013.18"
07-29-2019,"3,024.47","3,025.61","3,014.30","3020.97"
07-26-2019,"3,013.25","3,027.98","3,012.59","3025.86"
07-25-2019,"3,016.26","3,016.31","2,997.24","3003.67"
07-24-2019,"2,998.77","3,019.59","2,996.82","3019.56"
07-23-2019,"2,994.74","3,005.90","2,988.56","3005.47"
07-22-2019,"2,981.93","2,990.71","2,976.65","2985.03"
07-19-2019,"3,004.26","3,006.02","2,975.86","2976.61"
07-18-2019,"2,978.87","2,998.28","2,973.09","2995.11"
07-17-2019,"3,005.10","3,005.26","2,984.25","2984.42"
07-16-2019,"3,012.13","3,015.02","3,001.15","3004.04"
07-15-2019,"3,017.80","3,017.80","3,008.77","3014.30"
07-12-2019,"3,003.36","3,013.92","3,001.87","3013.77"
07-11-2019,"2,999.62","3,002.33","2,988.80","2999.91"
07-10-2019,"2,989.30","3,002.98","2,984.62","2993.07"
07-09-2019,"2,965.52","2,981.90","2,963.44","2979.63"
07-08-2019,"2,979.77","2,980.76","2,970.09","2975.95"
07-05-2019,"2,984.25","2,994.03","2,967.97","2990.41"
07-03-2019,"2,978.08","2,995.84","2,977.96","2995.82"
07-02-2019,"2,964.66","2,973.21","2,955.92","2973.01"
07-01-2019,"2,971.41","2,977.93","2,952.22","2964.33"
06-28-2019,"2,932.94","2,943.98","2,929.05","2941.76"
06-27-2019,"2,919.66","2,929.30","2,918.57","2924.92"
06-26-2019,"2,926.07","2,932.59","2,912.99","2913.78"
06-25-2019,"2,945.78","2,946.52","2,916.01","2917.38"
06-24-2019,"2,951.42","2,954.92","2,944.05","2945.35"
06-21-2019,"2,952.71","2,964.15","2,946.87","2950.46"
06-20-2019,"2,949.60","2,958.06","2,931.50","2954.18"
06-19-2019,"2,920.55","2,931.74","2,911.43","2926.46"
06-18-2019,"2,906.71","2,930.79","2,905.44","2917.75"
06-17-2019,"2,889.75","2,897.27","2,887.30","2889.67"
06-14-2019,"2,886.82","2,894.45","2,879.62","2886.98"
06-13-2019,"2,886.24","2,895.24","2,881.99","2891.64"
06-12-2019,"2,882.73","2,888.57","2,874.68","2879.84"
06-11-2019,"2,903.27","2,910.61","2,878.53","2885.72"
06-10-2019,"2,885.83","2,904.77","2,885.51","2886.73"
06-07-2019,"2,852.87","2,884.97","2,852.87","2873.34"
06-06-2019,"2,828.51","2,852.10","2,822.45","2843.49"
06-05-2019,"2,818.09","2,827.28","2,800.92","2826.15"
06-04-2019,"2,762.64","2,804.49","2,762.64","2803.27"
06-03-2019,"2,751.53","2,763.07","2,728.81","2744.45"
05-31-2019,"2,766.15","2,768.98","2,750.52","2752.06"
05-30-2019,"2,786.94","2,799.00","2,776.74","2788.86"
05-29-2019,"2,790.25","2,792.03","2,766.06","2783.02"
05-28-2019,"2,830.03","2,840.51","2,801.58","2802.39"
05-24-2019,"2,832.41","2,841.36","2,820.19","2826.06"
05-23-2019,"2,836.70","2,836.70","2,805.49","2822.24"
05-22-2019,"2,856.06","2,865.47","2,851.11","2856.27"
05-21-2019,"2,854.02","2,868.88","2,854.02","2864.36"
05-20-2019,"2,841.94","2,853.86","2,831.29","2840.23"
05-17-2019,"2,858.60","2,885.48","2,854.23","2859.53"
05-16-2019,"2,855.80","2,892.15","2,855.80","2876.32"
05-15-2019,"2,820.38","2,858.68","2,815.08","2850.96"
05-14-2019,"2,820.12","2,852.54","2,820.12","2834.41"
05-13-2019,"2,840.19","2,840.19","2,801.43","2811.87"
05-10-2019,"2,863.10","2,891.31","2,825.39","2881.40"
05-09-2019,"2,859.84","2,875.97","2,836.40","2870.72"
05-08-2019,"2,879.61","2,897.96","2,873.28","2879.42"
05-07-2019,"2,913.03","2,913.03","2,862.60","2884.05"
05-06-2019,"2,908.89","2,937.32","2,898.21","2932.47"
05-03-2019,"2,929.21","2,947.85","2,929.21","2945.64"
05-02-2019,"2,922.16","2,931.68","2,900.50","2917.52"
05-01-2019,"2,952.33","2,954.13","2,923.36","2923.73"
04-30-2019,"2,937.14","2,948.22","2,924.11","2945.83"
04-29-2019,"2,940.58","2,949.52","2,939.35","2943.03"
04-26-2019,"2,925.81","2,939.88","2,917.56","2939.88"
04-25-2019,"2,928.99","2,933.10","2,912.84","2926.17"
04-24-2019,"2,934.00","2,936.83","2,926.05","2927.25"
04-23-2019,"2,909.99","2,936.31","2,908.53","2933.68"
04-22-2019,"2,898.78","2,909.51","2,896.35","2907.97"
04-18-2019,"2,904.81","2,908.40","2,891.90","2905.03"
04-17-2019,"2,916.04","2,918.00","2,895.45","2900.45"
04-16-2019,"2,912.26","2,916.06","2,900.71","2907.06"
04-15-2019,"2,908.32","2,909.60","2,896.48","2905.58"
04-12-2019,"2,900.86","2,910.54","2,898.37","2907.41"
04-11-2019,"2,891.92","2,893.42","2,881.99","2888.32"
04-10-2019,"2,881.37","2,889.71","2,879.13","2888.21"
04-09-2019,"2,886.58","2,886.88","2,873.33","2878.20"
04-08-2019,"2,888.46","2,895.95","2,880.78","2895.77"
04-05-2019,"2,884.16","2,893.24","2,882.99","2892.74"
04-04-2019,"2,873.99","2,881.28","2,867.14","2879.39"
04-03-2019,"2,876.09","2,885.25","2,865.17","2873.40"
04-02-2019,"2,868.24","2,872.90","2,858.75","2867.24"
04-01-2019,"2,848.63","2,869.40","2,848.63","2867.19"
03-29-2019,"2,828.27","2,836.03","2,819.23","2834.40"
03-28-2019,"2,809.40","2,819.71","2,798.77","2815.44"
03-27-2019,"2,819.72","2,825.56","2,787.72","2805.37"
03-26-2019,"2,812.66","2,829.87","2,803.99","2818.46"
03-25-2019,"2,796.01","2,809.79","2,785.02","2798.36"
03-22-2019,"2,844.52","2,846.16","2,800.47","2800.71"
03-21-2019,"2,819.72","2,860.31","2,817.38","2854.88"
03-20-2019,"2,831.34","2,843.54","2,812.43","2824.23"
03-19-2019,"2,840.76","2,852.42","2,823.27","2832.57"
03-18-2019,"2,822.61","2,835.41","2,821.99","2832.94"
03-15-2019,"2,810.79","2,830.73","2,810.79","2822.48"
03-14-2019,"2,810.38","2,815.00","2,803.46","2808.48"
03-13-2019,"2,799.78","2,821.24","2,799.78","2810.92"
03-12-2019,"2,787.34","2,798.32","2,786.73","2791.52"
03-11-2019,"2,747.61","2,784.00","2,747.61","2783.30"
03-08-2019,"2,730.79","2,744.13","2,722.27","2743.07"
03-07-2019,"2,766.53","2,767.25","2,739.09","2748.93"
03-06-2019,"2,790.27","2,790.27","2,768.69","2771.45"
03-05-2019,"2,794.41","2,796.44","2,782.97","2789.65"
03-04-2019,"2,814.37","2,816.88","2,767.66","2792.81"
03-01-2019,"2,798.22","2,808.02","2,787.38","2803.69"
02-28-2019,"2,788.11","2,793.73","2,782.51","2784.49"
02-27-2019,"2,787.50","2,795.76","2,775.13","2792.38"
02-26-2019,"2,792.36","2,803.12","2,789.47","2793.90"
02-25-2019,"2,804.35","2,813.49","2,794.99","2796.11"
02-22-2019,"2,780.67","2,794.20","2,779.11","2792.67"
02-21-2019,"2,780.24","2,781.58","2,764.55","2774.88"
02-20-2019,"2,779.05","2,789.88","2,774.06","2784.70"
02-19-2019,"2,769.28","2,787.33","2,767.29","2779.76"
02-15-2019,"2,760.24","2,775.66","2,760.24","2775.60"
02-14-2019,"2,743.50","2,757.90","2,731.23","2745.73"
02-13-2019,"2,750.30","2,761.85","2,748.63","2753.03"
02-12-2019,"2,722.61","2,748.19","2,722.61","2744.73"
02-11-2019,"2,712.40","2,718.05","2,703.79","2709.80"
02-08-2019,"2,692.36","2,708.07","2,681.83","2707.88"
02-07-2019,"2,717.53","2,719.32","2,687.26","2706.05"
02-06-2019,"2,735.05","2,738.08","2,724.15","2731.61"
02-05-2019,"2,728.34","2,738.98","2,724.03","2737.70"
02-04-2019,"2,706.49","2,724.99","2,698.75","2724.87"
02-01-2019,"2,702.32","2,716.66","2,696.88","2706.53"
01-31-2019,"2,685.49","2,708.95","2,678.65","2704.10"
01-30-2019,"2,653.62","2,690.44","2,648.34","2681.05"
01-29-2019,"2,644.89","2,650.93","2,631.05","2640.00"
01-28-2019,"2,644.97","2,644.97","2,624.06","2643.85"
01-25-2019,"2,657.44","2,672.38","2,657.33","2664.76"
01-24-2019,"2,638.84","2,647.20","2,627.01","2642.33"
01-23-2019,"2,643.48","2,653.19","2,612.86","2638.70"
01-22-2019,"2,657.88","2,657.88","2,617.27","2632.90"
01-18-2019,"2,651.27","2,675.47","2,647.58","2670.71"
01-17-2019,"2,609.28","2,645.06","2,606.36","2635.96"
01-16-2019,"2,614.75","2,625.76","2,612.68","2616.10"
01-15-2019,"2,585.10","2,613.08","2,585.10","2610.30"
01-14-2019,"2,580.31","2,589.32","2,570.41","2582.61"
01-11-2019,"2,588.11","2,596.27","2,577.40","2596.26"
01-10-2019,"2,573.51","2,597.82","2,562.02","2596.64"
01-09-2019,"2,580.00","2,595.32","2,568.89","2584.96"
01-08-2019,"2,568.11","2,579.82","2,547.56","2574.41"
01-07-2019,"2,535.61","2,566.16","2,524.56","2549.69"
01-04-2019,"2,474.33","2,538.07","2,474.33","2531.94"
01-03-2019,"2,491.92","2,493.14","2,443.96","2447.89"
01-02-2019,"2,476.96","2,519.49","2,467.47","2510.03"
12-31-2018,"2,498.94","2,509.24","2,482.82","2506.85"
12-28-2018,"2,498.77","2,520.27","2,472.89","2485.74"
12-27-2018,"2,442.50","2,489.10","2,397.94","2488.83"
12-26-2018,"2,363.12","2,467.76","2,346.58","2467.70"
12-24-2018,"2,400.56","2,410.34","2,351.10","2351.10"
12-21-2018,"2,465.38","2,504.41","2,408.55","2416.62"
12-20-2018,"2,496.77","2,509.63","2,441.18","2467.42"
12-19-2018,"2,547.05","2,585.29","2,488.96","2506.96"
12-18-2018,"2,559.90","2,573.99","2,528.71","2546.16"
12-17-2018,"2,590.75","2,601.13","2,530.54","2545.94"
12-14-2018,"2,629.68","2,635.07","2,593.84","2599.95"
12-13-2018,"2,658.70","2,670.19","2,637.27","2650.54"
12-12-2018,"2,658.23","2,685.44","2,650.26","2651.07"
12-11-2018,"2,664.44","2,674.35","2,621.30","2636.78"
12-10-2018,"2,630.86","2,647.51","2,583.23","2637.72"
12-07-2018,"2,691.26","2,708.54","2,623.14","2633.08"
12-06-2018,"2,663.51","2,696.15","2,621.53","2695.95"
12-04-2018,"2,782.43","2,785.93","2,697.18","2700.06"
12-03-2018,"2,790.50","2,800.18","2,773.38","2790.37"
11-30-2018,"2,737.76","2,760.88","2,732.76","2760.17"
11-29-2018,"2,736.97","2,753.75","2,722.94","2737.76"
11-28-2018,"2,691.45","2,744.00","2,684.38","2743.79"
11-27-2018,"2,663.75","2,682.53","2,655.89","2682.17"
11-26-2018,"2,649.97","2,674.35","2,649.97","2673.45"
11-23-2018,"2,633.36","2,647.55","2,631.09","2632.56"
11-21-2018,"2,657.74","2,670.73","2,649.82","2649.93"
11-20-2018,"2,654.60","2,669.44","2,631.52","2641.89"
11-19-2018,"2,730.74","2,733.16","2,681.09","2690.73"
11-16-2018,"2,718.54","2,746.75","2,712.16","2736.27"
11-15-2018,"2,693.52","2,735.38","2,670.75","2730.20"
11-14-2018,"2,737.90","2,746.80","2,685.75","2701.58"
11-13-2018,"2,730.05","2,754.60","2,714.98","2722.18"
11-12-2018,"2,773.93","2,775.99","2,722.00","2726.22"
11-09-2018,"2,794.10","2,794.10","2,764.24","2781.01"
11-08-2018,"2,806.38","2,814.75","2,794.99","2806.83"
11-07-2018,"2,774.13","2,815.15","2,774.13","2813.89"
11-06-2018,"2,738.40","2,756.82","2,737.08","2755.45"
11-05-2018,"2,726.37","2,744.27","2,717.94","2738.31"
11-02-2018,"2,745.45","2,756.55","2,700.44","2723.06"
11-01-2018,"2,717.58","2,741.67","2,708.85","2740.37"
10-31-2018,"2,705.60","2,736.69","2,705.60","2711.74"
10-30-2018,"2,640.68","2,685.43","2,635.34","2682.63"
10-29-2018,"2,682.65","2,706.85","2,603.54","2641.25"
10-26-2018,"2,667.86","2,692.38","2,628.16","2658.69"
10-25-2018,"2,674.88","2,722.70","2,667.84","2705.57"
10-24-2018,"2,737.87","2,742.59","2,651.89","2656.10"
10-23-2018,"2,721.03","2,753.59","2,691.43","2740.69"
10-22-2018,"2,773.94","2,778.94","2,749.22","2755.88"
10-19-2018,"2,775.66","2,797.77","2,760.27","2767.78"
10-18-2018,"2,802.00","2,806.04","2,755.18","2768.78"
10-17-2018,"2,811.67","2,816.94","2,781.81","2809.21"
10-16-2018,"2,767.05","2,813.46","2,766.91","2809.92"
10-15-2018,"2,763.83","2,775.99","2,749.03","2750.79"
10-12-2018,"2,770.54","2,775.77","2,729.44","2767.13"
10-11-2018,"2,776.87","2,795.14","2,710.51","2728.37"
10-10-2018,"2,873.90","2,874.02","2,784.86","2785.68"
10-09-2018,"2,882.51","2,894.83","2,874.27","2880.34"
10-08-2018,"2,877.53","2,889.45","2,862.08","2884.43"
10-05-2018,"2,902.54","2,909.64","2,869.29","2885.57"
10-04-2018,"2,919.35","2,919.78","2,883.92","2901.61"
10-03-2018,"2,931.69","2,939.86","2,921.36","2925.51"
10-02-2018,"2,923.80","2,931.42","2,919.37","2923.43"
10-01-2018,"2,926.29","2,937.06","2,917.91","2924.59"
09-28-2018,"2,910.03","2,920.53","2,907.50","2913.98"
09-27-2018,"2,911.65","2,927.22","2,909.27","2914.00"
09-26-2018,"2,916.98","2,931.15","2,903.28","2905.97"
09-25-2018,"2,921.75","2,923.95","2,913.70","2915.56"
09-24-2018,"2,921.83","2,923.79","2,912.63","2919.37"
09-21-2018,"2,936.76","2,940.91","2,927.11","2929.67"
09-20-2018,"2,919.73","2,934.80","2,919.73","2930.75"
09-19-2018,"2,906.60","2,912.36","2,903.82","2907.95"
09-18-2018,"2,890.74","2,911.17","2,890.43","2904.31"
09-17-2018,"2,903.83","2,904.65","2,886.16","2888.80"
09-14-2018,"2,906.38","2,908.30","2,895.77","2904.98"
09-13-2018,"2,896.85","2,906.76","2,896.39","2904.18"
09-12-2018,"2,888.29","2,894.65","2,879.20","2888.92"
09-11-2018,"2,871.57","2,892.52","2,866.78","2887.89"
09-10-2018,"2,881.39","2,886.93","2,875.94","2877.13"
09-07-2018,"2,868.26","2,883.81","2,864.12","2871.68"
09-06-2018,"2,888.64","2,892.05","2,867.29","2878.05"
09-05-2018,"2,891.59","2,894.21","2,876.92","2888.60"
09-04-2018,"2,896.96","2,900.18","2,885.13","2896.72"
08-31-2018,"2,898.37","2,906.32","2,891.73","2901.52"
08-30-2018,"2,908.94","2,912.46","2,895.22","2901.13"
08-29-2018,"2,900.62","2,916.50","2,898.40","2914.04"
08-28-2018,"2,901.45","2,903.77","2,893.50","2897.52"
08-27-2018,"2,884.69","2,898.25","2,884.69","2896.74"
08-24-2018,"2,862.35","2,876.16","2,862.35","2874.69"
08-23-2018,"2,860.29","2,868.78","2,854.03","2856.98"
08-22-2018,"2,860.99","2,867.54","2,856.05","2861.82"
08-21-2018,"2,861.51","2,873.23","2,861.32","2862.96"
08-20-2018,"2,853.93","2,859.76","2,850.62","2857.05"
08-17-2018,"2,838.32","2,855.63","2,833.73","2850.13"
08-16-2018,"2,831.44","2,850.49","2,831.44","2840.69"
08-15-2018,"2,827.95","2,827.95","2,802.49","2818.37"
08-14-2018,"2,827.88","2,843.11","2,826.58","2839.96"
08-13-2018,"2,835.46","2,843.40","2,819.88","2821.93"
08-10-2018,"2,839.64","2,842.20","2,825.81","2833.28"
08-09-2018,"2,857.19","2,862.48","2,851.98","2853.58"
08-08-2018,"2,856.79","2,862.44","2,853.09","2857.70"
08-07-2018,"2,855.92","2,863.43","2,855.92","2858.45"
08-06-2018,"2,840.29","2,853.29","2,835.98","2850.40"
08-03-2018,"2,829.62","2,840.38","2,827.37","2840.35"
08-02-2018,"2,800.48","2,829.91","2,796.34","2827.22"
08-01-2018,"2,821.17","2,825.83","2,805.85","2813.36"
07-31-2018,"2,809.73","2,824.46","2,808.06","2816.29"
07-30-2018,"2,819.00","2,821.74","2,798.11","2802.60"
07-27-2018,"2,842.35","2,843.17","2,808.34","2818.82"
07-26-2018,"2,835.49","2,845.57","2,835.26","2837.44"
07-25-2018,"2,817.73","2,848.03","2,817.73","2846.07"
07-24-2018,"2,820.68","2,829.99","2,811.12","2820.40"
07-23-2018,"2,799.17","2,808.61","2,795.14","2806.98"
07-20-2018,"2,804.55","2,809.70","2,800.01","2801.83"
07-19-2018,"2,809.37","2,812.05","2,799.77","2804.49"
07-18-2018,"2,811.35","2,816.76","2,805.89","2815.62"
07-17-2018,"2,789.34","2,814.19","2,789.24","2809.55"
07-16-2018,"2,801.43","2,803.71","2,793.39","2798.43"
07-13-2018,"2,796.93","2,804.53","2,791.69","2801.31"
07-12-2018,"2,783.14","2,799.22","2,781.53","2798.29"
07-11-2018,"2,779.82","2,785.91","2,770.77","2774.02"
07-10-2018,"2,788.56","2,795.58","2,786.24","2793.84"
07-09-2018,"2,768.51","2,784.65","2,768.51","2784.17"
07-06-2018,"2,737.68","2,764.41","2,733.52","2759.82"
07-05-2018,"2,724.19","2,737.83","2,716.02","2736.61"
07-03-2018,"2,733.27","2,736.58","2,711.16","2713.22"
07-02-2018,"2,704.95","2,727.26","2,698.95","2726.71"
06-29-2018,"2,727.13","2,743.26","2,718.03","2718.37"
06-28-2018,"2,698.69","2,724.34","2,691.99","2716.31"
06-27-2018,"2,728.45","2,746.09","2,699.38","2699.63"
06-26-2018,"2,722.12","2,732.91","2,715.60","2723.06"
06-25-2018,"2,742.94","2,742.94","2,698.67","2717.07"
06-22-2018,"2,760.79","2,764.17","2,752.68","2754.88"
06-21-2018,"2,769.28","2,769.28","2,744.39","2749.76"
06-20-2018,"2,769.73","2,774.86","2,763.91","2767.32"
06-19-2018,"2,752.01","2,765.05","2,743.19","2762.59"
06-18-2018,"2,765.79","2,774.99","2,757.12","2773.75"
06-15-2018,"2,777.78","2,782.81","2,761.73","2779.66"
06-14-2018,"2,783.21","2,789.06","2,776.52","2782.49"
06-13-2018,"2,787.94","2,791.47","2,774.65","2775.63"
06-12-2018,"2,785.60","2,789.80","2,778.78","2786.85"
06-11-2018,"2,780.18","2,790.21","2,780.17","2782.00"
06-08-2018,"2,765.84","2,779.39","2,763.59","2779.03"
06-07-2018,"2,774.84","2,779.90","2,760.16","2770.37"
06-06-2018,"2,753.25","2,772.39","2,748.46","2772.35"
06-05-2018,"2,748.46","2,752.61","2,739.51","2748.80"
06-04-2018,"2,741.67","2,749.16","2,740.54","2746.87"
06-01-2018,"2,718.70","2,736.93","2,718.70","2734.62"
05-31-2018,"2,720.98","2,722.50","2,700.68","2705.27"
05-30-2018,"2,702.43","2,729.34","2,702.43","2724.01"
05-29-2018,"2,705.11","2,710.67","2,676.81","2689.86"
05-25-2018,"2,723.60","2,727.36","2,714.99","2721.33"
05-24-2018,"2,730.94","2,731.97","2,707.38","2727.76"
05-23-2018,"2,713.98","2,733.33","2,709.54","2733.29"
05-22-2018,"2,738.34","2,742.24","2,721.88","2724.44"
05-21-2018,"2,725.95","2,739.19","2,725.70","2733.01"
05-18-2018,"2,717.35","2,719.50","2,709.18","2712.97"
05-17-2018,"2,719.71","2,731.96","2,711.36","2720.13"
05-16-2018,"2,712.62","2,727.76","2,712.17","2722.46"
05-15-2018,"2,718.59","2,718.59","2,701.91","2711.45"
05-14-2018,"2,733.37","2,742.10","2,725.47","2730.13"
05-11-2018,"2,722.70","2,732.86","2,717.45","2727.72"
05-10-2018,"2,705.02","2,726.11","2,704.54","2723.07"
05-09-2018,"2,678.12","2,701.27","2,674.14","2697.79"
05-08-2018,"2,670.26","2,676.34","2,655.20","2671.92"
05-07-2018,"2,669.36","2,683.35","2,664.70","2672.63"
05-04-2018,"2,621.45","2,670.93","2,615.32","2663.42"
05-03-2018,"2,628.08","2,637.14","2,594.62","2629.73"
05-02-2018,"2,654.24","2,660.87","2,631.70","2635.67"
05-01-2018,"2,643.64","2,655.27","2,625.41","2654.80"
04-30-2018,"2,675.05","2,682.92","2,648.04","2648.05"
04-27-2018,"2,675.47","2,677.35","2,659.01","2669.91"
04-26-2018,"2,651.65","2,676.48","2,647.16","2666.94"
04-25-2018,"2,634.92","2,645.30","2,612.67","2639.40"
04-24-2018,"2,680.80","2,683.55","2,617.32","2634.56"
04-23-2018,"2,675.40","2,682.86","2,657.99","2670.29"
04-20-2018,"2,692.56","2,693.94","2,660.61","2670.14"
04-19-2018,"2,701.16","2,702.84","2,681.90","2693.13"
04-18-2018,"2,710.11","2,717.49","2,703.63","2708.64"
04-17-2018,"2,692.74","2,713.34","2,692.05","2706.39"
04-16-2018,"2,670.10","2,686.49","2,665.16","2677.84"
04-13-2018,"2,676.90","2,680.26","2,645.05","2656.30"
04-12-2018,"2,653.83","2,674.72","2,653.83","2663.99"
04-11-2018,"2,643.89","2,661.43","2,639.25","2642.19"
04-10-2018,"2,638.41","2,665.45","2,635.78","2656.87"
04-09-2018,"2,617.18","2,653.55","2,610.79","2613.16"
04-06-2018,"2,645.82","2,656.88","2,586.27","2604.47"
04-05-2018,"2,657.36","2,672.08","2,649.58","2662.84"
04-04-2018,"2,584.04","2,649.86","2,573.61","2644.69"
04-03-2018,"2,592.17","2,619.14","2,575.49","2614.45"
04-02-2018,"2,633.45","2,638.30","2,553.80","2581.88"
03-29-2018,"2,614.41","2,659.07","2,609.72","2640.87"
03-28-2018,"2,611.30","2,632.65","2,593.06","2605.00"
03-27-2018,"2,667.57","2,674.78","2,596.12","2612.62"
03-26-2018,"2,619.35","2,661.36","2,601.81","2658.55"
03-23-2018,"2,646.71","2,657.67","2,585.89","2588.26"
03-22-2018,"2,691.36","2,695.68","2,641.59","2643.69"
03-21-2018,"2,714.99","2,739.14","2,709.79","2711.93"
03-20-2018,"2,715.05","2,724.22","2,710.05","2716.94"
03-19-2018,"2,741.38","2,741.38","2,694.59","2712.92"
03-16-2018,"2,750.57","2,761.85","2,749.97","2752.01"
03-15-2018,"2,754.27","2,763.03","2,741.47","2747.33"
03-14-2018,"2,774.06","2,777.11","2,744.38","2749.48"
03-13-2018,"2,792.31","2,801.90","2,758.68","2765.31"
03-12-2018,"2,790.54","2,796.98","2,779.26","2783.02"
03-09-2018,"2,752.91","2,786.57","2,751.54","2786.57"
03-08-2018,"2,732.75","2,740.45","2,722.65","2738.97"
03-07-2018,"2,710.18","2,730.60","2,701.74","2726.80"
03-06-2018,"2,730.18","2,732.08","2,711.26","2728.12"
03-05-2018,"2,681.06","2,728.09","2,675.75","2720.94"
03-02-2018,"2,658.89","2,696.25","2,647.32","2691.25"
03-01-2018,"2,715.22","2,730.89","2,659.65","2677.67"
02-28-2018,"2,753.78","2,761.52","2,713.54","2713.83"
02-27-2018,"2,780.45","2,789.15","2,744.22","2744.28"
02-26-2018,"2,757.37","2,780.64","2,753.78","2779.60"
02-23-2018,"2,715.80","2,747.76","2,713.74","2747.30"
02-22-2018,"2,710.42","2,731.26","2,697.77","2703.96"
02-21-2018,"2,720.53","2,747.75","2,701.29","2701.33"
02-20-2018,"2,726.01","2,737.60","2,706.76","2716.26"
02-16-2018,"2,727.14","2,754.42","2,725.11","2732.22"
02-15-2018,"2,713.46","2,731.51","2,689.82","2731.20"
02-14-2018,"2,651.21","2,702.10","2,648.87","2698.63"
02-13-2018,"2,646.27","2,668.84","2,637.08","2662.94"
02-12-2018,"2,636.75","2,672.61","2,622.45","2656.00"
02-09-2018,"2,601.78","2,638.67","2,532.69","2619.55"
02-08-2018,"2,685.01","2,685.27","2,580.56","2581.00"
02-07-2018,"2,690.95","2,727.67","2,681.33","2681.66"
02-06-2018,"2,614.78","2,701.04","2,593.07","2695.14"
02-05-2018,"2,741.06","2,763.39","2,638.17","2648.94"
02-02-2018,"2,808.92","2,808.92","2,759.97","2762.13"
02-01-2018,"2,816.45","2,835.96","2,812.70","2821.98"
01-31-2018,"2,832.41","2,839.26","2,813.04","2823.81"
01-30-2018,"2,832.74","2,837.75","2,818.27","2822.43"
01-29-2018,"2,867.23","2,870.62","2,851.48","2853.53"
01-26-2018,"2,847.48","2,872.87","2,846.18","2872.87"
01-25-2018,"2,846.24","2,848.56","2,830.94","2839.25"
01-24-2018,"2,845.42","2,852.97","2,824.81","2837.54"
01-23-2018,"2,835.05","2,842.24","2,830.59","2839.13"
01-22-2018,"2,809.16","2,833.03","2,808.12","2832.97"
01-19-2018,"2,802.60","2,810.33","2,798.08","2810.30"
01-18-2018,"2,802.40","2,805.83","2,792.56","2798.03"
01-17-2018,"2,784.99","2,807.04","2,778.38","2802.56"
01-16-2018,"2,798.96","2,807.54","2,768.64","2776.42"
01-12-2018,"2,770.18","2,787.85","2,769.64","2786.24"
01-11-2018,"2,752.97","2,767.56","2,752.78","2767.56"
01-10-2018,"2,745.55","2,750.80","2,736.06","2748.23"
01-09-2018,"2,751.15","2,759.14","2,747.86","2751.29"
01-08-2018,"2,742.67","2,748.51","2,737.60","2747.71"
01-05-2018,"2,731.33","2,743.45","2,727.92","2743.15"
01-04-2018,"2,719.31","2,729.29","2,719.07","2723.99"
01-03-2018,"2,697.85","2,714.37","2,697.77","2713.06"
01-02-2018,"2,683.73","2,695.89","2,682.36","2695.81"
