Date,Open,High,Low,Close,Adj Close,Volume,indicator
2018-12-31,135.399994,136.71000700000002,132.259995,133.5,132.685349,11628500,0.0
2019-01-02,130.639999,138.479996,130.050003,136.220001,135.388794,12718800,1.0
2019-01-03,133.78999299999998,135.16000400000001,127.690002,127.989998,127.208992,17638800,0.0
2019-01-04,130.940002,137.729996,129.699997,136.190002,135.358948,14640500,1.0
2019-01-07,138.5,144.889999,136.429993,143.399994,142.524948,17729000,1.0
2019-01-08,146.690002,146.779999,136.899994,139.830002,138.976746,19650400,0.0
2019-01-09,141.899994,144.490005,139.860001,142.580002,141.70993,15431500,1.0
2019-01-10,141.800003,145.580002,139.360001,145.229996,144.343781,13078900,1.0
2019-01-11,144.330002,149.75,143.21000700000002,148.830002,147.92181399999998,21869100,1.0
2019-01-14,146.720001,151.46000700000002,145.770004,150.440002,149.522003,18254200,1.0
2019-01-15,151.759995,153.350006,149.130005,149.869995,148.95549,15425300,0.0
2019-01-16,150.970001,152.300003,148.619995,148.83999599999999,147.931763,11752600,0.0
2019-01-17,147.509995,153.330002,146.41000400000001,151.720001,150.794189,12335900,1.0
2019-01-18,153.729996,157.979996,151.649994,156.929993,155.972382,16283400,1.0
2019-01-22,155.71000700000002,156.179993,147.550003,148.770004,147.862198,16538800,0.0
2019-01-23,151.0,154.580002,148.029999,149.28999299999998,148.379013,14775500,1.0
2019-01-24,152.699997,158.550003,152.509995,157.83999599999999,156.876846,17724300,1.0
2019-01-25,155.440002,160.880005,151.300003,160.149994,159.172729,28864300,1.0
2019-01-28,136.550003,141.639999,131.0,138.009995,137.167847,62788200,0.0
2019-01-29,136.149994,138.100006,131.009995,131.600006,130.796951,28848300,0.0
2019-01-30,134.669998,137.970001,131.46000700000002,137.389999,136.55161999999999,24355700,1.0
2019-01-31,137.259995,145.190002,136.380005,143.75,142.872818,21071300,1.0
2019-02-01,144.5,146.78999299999998,142.580002,144.729996,143.846832,15626200,1.0
2019-02-04,145.369995,150.679993,144.479996,149.179993,148.269669,13214800,1.0
2019-02-05,149.66000400000001,151.429993,148.300003,149.949997,149.034973,13560600,1.0
2019-02-06,151.28999299999998,155.600006,151.070007,153.0,152.066376,17561600,1.0
2019-02-07,151.130005,151.220001,145.690002,147.419998,146.520432,15928000,0.0
2019-02-08,144.71000700000002,148.600006,144.130005,148.169998,147.265839,11540100,1.0
2019-02-11,146.389999,148.580002,144.5,146.449997,145.556305,12379500,0.0
2019-02-12,148.0,151.800003,147.419998,151.169998,150.247543,14776500,1.0
2019-02-13,152.360001,155.830002,151.809998,152.880005,151.947098,15134300,1.0
2019-02-14,152.83999599999999,155.669998,151.100006,154.529999,153.587051,20681600,1.0
2019-02-15,162.949997,163.869995,156.419998,157.33999599999999,156.379898,37918700,1.0
2019-02-19,156.91000400000001,159.889999,156.139999,156.639999,155.684174,13797300,0.0
2019-02-20,157.820007,161.259995,157.369995,158.550003,157.58252,13524700,1.0
2019-02-21,159.059998,160.050003,155.179993,155.770004,154.81948899999998,11213700,0.0
2019-02-22,157.860001,159.949997,157.309998,159.190002,158.21861299999998,10043500,1.0
2019-02-25,162.559998,165.279999,158.33999599999999,158.690002,157.721634,16400500,0.0
2019-02-26,158.5,160.759995,155.75,157.100006,156.141373,12211600,0.0
2019-02-27,156.520004,157.58999599999999,153.110001,155.41000400000001,154.46167,12506400,0.0
2019-02-28,155.0,155.899994,153.360001,154.259995,153.4767,8123600,0.0
2019-03-01,156.270004,158.149994,153.919998,156.449997,155.655563,8929700,1.0
2019-03-04,158.0,158.919998,154.5,156.779999,155.983887,10249800,1.0
2019-03-05,156.149994,158.059998,153.96000700000002,156.520004,155.72522,9073100,0.0
2019-03-06,156.16000400000001,156.5,151.940002,152.050003,151.277924,10088100,0.0
2019-03-07,151.100006,151.490005,147.399994,149.259995,148.502075,11252600,0.0
2019-03-08,145.66000400000001,151.070007,144.800003,150.639999,149.875076,10560400,1.0
2019-03-11,151.58999599999999,162.059998,149.690002,161.139999,160.321777,21493200,1.0
2019-03-12,162.259995,164.389999,159.190002,162.520004,161.694763,14489400,1.0
2019-03-13,164.029999,169.800003,163.729996,168.619995,167.763779,19222500,1.0
2019-03-14,168.990005,169.470001,165.25,165.559998,164.71933,12984600,0.0
2019-03-15,167.300003,171.529999,167.16000400000001,169.809998,168.947754,16537100,1.0
2019-03-18,171.080002,173.25,167.860001,168.949997,168.09208700000002,12174800,0.0
2019-03-19,172.759995,177.5,172.080002,175.71000700000002,174.817795,21374300,1.0
2019-03-20,176.880005,179.029999,173.0,174.399994,173.51443500000002,17978700,0.0
2019-03-21,175.330002,185.0,175.130005,183.940002,183.005997,20607800,1.0
2019-03-22,182.83999599999999,184.800003,176.940002,177.5,176.598694,18691100,0.0
2019-03-25,175.860001,178.449997,171.110001,173.779999,172.897552,13130300,0.0
2019-03-26,179.490005,181.75,174.600006,176.869995,175.971878,17587700,1.0
2019-03-27,177.899994,179.770004,173.699997,176.5,175.603775,11859300,0.0
2019-03-28,177.550003,179.899994,175.110001,177.25,176.34996,12006600,1.0
2019-03-29,179.940002,180.53999299999998,177.91000400000001,179.559998,178.648224,11422400,1.0
2019-04-01,183.259995,183.5,180.369995,182.279999,181.354416,12095600,1.0
2019-04-02,183.25,184.78999299999998,181.520004,183.0,182.070786,11023000,1.0
2019-04-03,185.0,191.0,184.800003,188.619995,187.66223100000002,19587600,1.0
2019-04-04,188.0,189.970001,185.729996,188.259995,187.304047,11434400,0.0
2019-04-05,190.0,191.649994,188.529999,190.949997,189.980377,12043600,1.0
2019-04-08,189.720001,192.800003,188.75,191.78999299999998,190.816132,10604800,1.0
2019-04-09,190.440002,190.889999,187.559998,189.259995,188.29896499999998,10999300,0.0
2019-04-10,189.229996,193.139999,189.050003,192.100006,191.124573,11119300,1.0
2019-04-11,192.199997,193.470001,189.550003,191.53999299999998,190.567398,9365000,0.0
2019-04-12,193.100006,193.259995,189.66000400000001,190.009995,189.045166,11792700,0.0
2019-04-15,189.699997,189.899994,183.100006,184.699997,183.762115,11002300,0.0
2019-04-16,186.279999,188.970001,184.96000700000002,188.21000700000002,187.25431799999998,9874100,1.0
2019-04-17,189.619995,190.46000700000002,186.389999,187.28999299999998,186.338989,8775100,0.0
2019-04-18,187.559998,188.929993,185.179993,186.300003,185.354019,9524700,0.0
2019-04-22,185.350006,189.100006,184.080002,188.470001,187.513,6998400,1.0
2019-04-23,189.0,191.929993,188.610001,190.669998,189.701813,8671400,1.0
2019-04-24,191.08999599999999,192.809998,188.639999,191.169998,190.19928000000002,7955100,1.0
2019-04-25,189.550003,190.449997,183.699997,186.91000400000001,185.960922,12482400,0.0
2019-04-26,180.71000700000002,180.889999,173.300003,178.08999599999999,177.185684,21724700,0.0
2019-04-29,178.41000400000001,180.449997,175.5,179.330002,178.41940300000002,9798000,1.0
2019-04-30,178.029999,182.029999,177.259995,181.0,180.08093300000002,9073000,1.0
2019-05-01,183.110001,184.809998,180.46000700000002,180.470001,179.553604,8857000,0.0
2019-05-02,180.860001,184.869995,179.119995,183.190002,182.25976599999998,9867100,1.0
2019-05-03,183.529999,183.929993,180.529999,183.009995,182.080719,8420600,0.0
2019-05-06,175.5,180.33999599999999,174.0,179.850006,178.936752,10554400,0.0
2019-05-07,177.899994,177.899994,171.169998,173.110001,172.230988,13880500,0.0
2019-05-08,172.0,177.149994,171.520004,173.919998,173.03685,10479200,1.0
2019-05-09,171.139999,171.529999,165.399994,170.190002,169.32578999999998,16506200,0.0
2019-05-10,168.949997,171.58999599999999,164.0,168.820007,167.962784,14237500,0.0
2019-05-13,163.5,164.429993,157.809998,158.449997,157.645432,16422800,0.0
2019-05-14,160.050003,163.46000700000002,158.490005,162.03999299999998,161.217209,13122000,1.0
2019-05-15,159.800003,161.050003,157.41000400000001,159.580002,158.769669,12558000,0.0
2019-05-16,159.360001,161.91000400000001,157.649994,160.190002,159.376602,19527200,1.0
2019-05-17,158.5,163.71000700000002,154.940002,156.529999,155.735153,25551700,0.0
2019-05-20,152.550003,154.770004,150.75,151.75,150.979431,14301600,0.0
2019-05-21,154.199997,155.699997,152.639999,155.059998,154.272629,9046200,1.0
2019-05-22,153.5,154.550003,151.759995,152.199997,151.427155,8146700,0.0
2019-05-23,149.690002,149.690002,144.91000400000001,147.320007,146.57193,14796100,0.0
2019-05-24,148.080002,149.5,144.880005,145.149994,144.412949,8939600,0.0
2019-05-28,145.860001,147.179993,143.25,143.330002,142.60218799999998,10708900,0.0
2019-05-29,141.41000400000001,142.820007,138.940002,140.33999599999999,139.62738000000002,13995000,0.0
2019-05-30,140.309998,141.75,137.570007,139.110001,138.5616,9857500,0.0
2019-05-31,137.139999,139.850006,135.389999,135.46000700000002,134.925995,9743000,0.0
2019-06-03,135.91000400000001,137.470001,132.600006,133.779999,133.252609,11966100,0.0
2019-06-04,136.360001,143.21000700000002,135.470001,143.0,142.436279,16045900,1.0
2019-06-05,145.970001,146.190002,139.820007,141.279999,140.723022,12790400,0.0
2019-06-06,141.449997,144.770004,141.350006,143.779999,143.213165,10203500,1.0
2019-06-07,144.020004,146.880005,143.25,145.5,144.926407,8721400,1.0
2019-06-10,147.759995,151.190002,147.759995,148.429993,147.844864,10069500,1.0
2019-06-11,150.83999599999999,152.360001,149.16000400000001,150.75,150.155731,9596800,1.0
2019-06-12,149.0,149.25,145.58999599999999,146.199997,145.623657,8972300,0.0
2019-06-13,147.08999599999999,149.0,146.380005,148.259995,147.67553700000002,7702000,1.0
2019-06-14,144.509995,145.490005,142.83999599999999,144.639999,144.069824,9860700,0.0
2019-06-17,144.570007,146.520004,143.649994,145.029999,144.45825200000002,6901000,1.0
2019-06-18,147.5,155.110001,147.059998,152.880005,152.277313,14548000,1.0
2019-06-19,154.300003,154.759995,152.070007,153.119995,152.516357,8291100,1.0
2019-06-20,156.770004,157.330002,153.520004,154.100006,153.49250800000002,8754200,1.0
2019-06-21,153.5,155.479996,151.5,151.759995,151.161713,10860700,0.0
2019-06-24,152.619995,153.850006,150.720001,152.66000400000001,152.058212,7073700,1.0
2019-06-25,152.860001,155.880005,151.369995,151.479996,150.88284299999998,7796700,0.0
2019-06-26,156.610001,161.720001,156.08999599999999,159.259995,158.632156,14601800,1.0
2019-06-27,162.71000700000002,164.0,161.259995,163.229996,162.586533,11136000,1.0
2019-06-28,165.0,165.369995,162.350006,164.229996,163.582581,9941700,1.0
2019-07-01,172.570007,173.949997,164.66000400000001,166.169998,165.514923,17743900,1.0
2019-07-02,165.5,166.350006,161.699997,162.229996,161.590439,10005700,0.0
2019-07-03,163.169998,163.399994,160.33999599999999,162.75,162.108398,6165900,1.0
2019-07-05,160.399994,160.580002,157.679993,160.229996,159.598343,9913800,0.0
2019-07-08,157.830002,158.58999599999999,156.0,157.21000700000002,156.59024,8244700,0.0
2019-07-09,155.509995,158.440002,155.0,157.309998,156.68985,8571500,1.0
2019-07-10,159.059998,162.369995,158.5,160.059998,159.429016,11301900,1.0
2019-07-11,163.0,167.919998,161.5,166.279999,165.624481,17064000,1.0
2019-07-12,167.399994,170.470001,167.399994,167.610001,166.949249,12659800,1.0
2019-07-15,168.46000700000002,169.110001,166.130005,167.270004,166.610596,7246000,0.0
2019-07-16,166.669998,168.169998,164.83999599999999,167.080002,166.42134099999998,8536100,0.0
2019-07-17,167.149994,169.990005,165.970001,169.71000700000002,169.040985,8705100,1.0
2019-07-18,170.130005,172.71000700000002,167.850006,170.179993,169.50914,11054800,1.0
2019-07-19,171.720001,171.979996,168.199997,168.440002,167.776016,8622400,0.0
2019-07-22,169.300003,171.83999599999999,169.0,171.320007,170.644623,7898500,1.0
2019-07-23,172.899994,175.740005,172.270004,175.66000400000001,174.967499,10704400,1.0
2019-07-24,177.399994,178.889999,174.33999599999999,178.66000400000001,177.955704,9155900,1.0
2019-07-25,176.990005,177.5,172.440002,173.380005,172.69648700000002,9817500,0.0
2019-07-26,174.470001,176.949997,174.470001,175.070007,174.379852,6854000,1.0
2019-07-29,174.779999,175.470001,171.270004,174.820007,174.130844,6204000,0.0
2019-07-30,172.949997,175.940002,172.369995,175.449997,174.75831599999998,4944300,1.0
2019-07-31,174.179993,174.220001,167.020004,168.720001,168.054871,8985400,0.0
2019-08-01,169.139999,172.779999,162.820007,164.919998,164.269882,10530300,0.0
2019-08-02,161.190002,163.979996,159.279999,161.190002,160.554565,10708700,0.0
2019-08-05,153.800003,153.850006,148.899994,150.78999299999998,150.195557,14728900,0.0
2019-08-06,153.800003,155.630005,150.429993,152.350006,151.74942,9031800,1.0
2019-08-07,149.899994,154.369995,149.199997,153.889999,153.283325,9314000,1.0
2019-08-08,156.21000700000002,158.309998,153.899994,158.259995,157.636093,7732500,1.0
2019-08-09,156.610001,156.75,152.149994,154.179993,153.572205,8545400,0.0
2019-08-12,152.080002,154.179993,150.570007,151.449997,150.852936,6980000,0.0
2019-08-13,151.389999,157.899994,149.820007,156.050003,155.43483,8798900,1.0
2019-08-14,152.5,152.949997,148.309998,150.070007,149.47839399999998,10497000,0.0
2019-08-15,150.830002,151.630005,147.389999,148.770004,148.183548,11930000,0.0
2019-08-16,159.350006,161.53999299999998,156.880005,159.559998,158.930969,25199000,1.0
2019-08-19,164.119995,171.419998,163.470001,170.779999,170.106766,20377800,1.0
2019-08-20,170.559998,170.580002,167.020004,167.869995,167.20823700000003,11579700,0.0
2019-08-21,170.529999,173.449997,169.66000400000001,171.229996,170.554993,10681100,1.0
2019-08-22,171.619995,173.330002,169.899994,171.479996,170.803986,7587200,1.0
2019-08-23,168.399994,170.58999599999999,161.639999,162.440002,161.79963700000002,14201400,0.0
2019-08-26,165.610001,166.580002,163.91000400000001,165.449997,164.797775,7955200,1.0
2019-08-27,166.990005,167.100006,160.619995,161.800003,161.16217,7274200,0.0
2019-08-28,160.580002,163.33999599999999,159.0,161.220001,160.743393,6390300,0.0
2019-08-29,164.899994,168.300003,164.759995,167.0,166.506317,8949400,1.0
2019-08-30,168.860001,170.860001,166.779999,167.509995,167.014801,7265400,1.0
2019-09-03,164.580002,165.91000400000001,163.25,164.169998,163.68469199999998,7403500,0.0
2019-09-04,166.610001,169.059998,166.610001,168.759995,168.261093,5693200,1.0
2019-09-05,172.869995,179.990005,172.800003,179.740005,179.208649,17391900,1.0
2019-09-06,178.800003,181.08999599999999,177.119995,178.649994,178.121872,9424400,0.0
2019-09-09,179.899994,183.979996,179.83999599999999,180.5,179.96641499999998,10438100,1.0
2019-09-10,179.179993,184.25,178.78999299999998,183.179993,182.638474,8820300,1.0
2019-09-11,183.770004,186.270004,182.600006,184.330002,183.78509499999998,9037800,1.0
2019-09-12,186.199997,188.399994,183.949997,184.270004,183.725266,8196000,0.0
2019-09-13,181.58999599999999,183.080002,180.179993,181.940002,181.402161,8114800,0.0
2019-09-16,178.919998,181.600006,178.5,180.21000700000002,179.67726100000002,5795800,0.0
2019-09-17,180.479996,181.240005,178.610001,181.070007,180.534729,5576200,1.0
2019-09-18,180.78999299999998,181.419998,176.5,179.979996,179.447922,6453800,0.0
2019-09-19,180.220001,180.96000700000002,176.509995,176.940002,176.416916,6136900,0.0
2019-09-20,176.899994,177.850006,172.279999,172.690002,172.179489,8756100,0.0
2019-09-23,172.699997,176.669998,172.550003,174.83999599999999,174.323151,6242800,1.0
2019-09-24,176.100006,177.28999299999998,171.100006,172.529999,172.019974,7931700,0.0
2019-09-25,172.509995,179.020004,170.71000700000002,178.229996,177.703125,7710800,1.0
2019-09-26,177.83999599999999,178.190002,175.28999299999998,177.33999599999999,176.81575,5864100,0.0
2019-09-27,175.66000400000001,177.699997,169.320007,171.759995,171.252243,9051400,0.0
2019-09-30,172.800003,174.479996,171.53999299999998,174.070007,173.55543500000002,4654600,1.0
2019-10-01,175.0,181.0,173.809998,174.0,173.485611,9150200,0.0
2019-10-02,173.119995,173.600006,170.130005,173.03999299999998,172.528458,7334300,0.0
2019-10-03,173.220001,181.559998,172.0,181.309998,180.774002,11264700,1.0
2019-10-04,181.399994,183.149994,178.779999,181.970001,181.432068,6638100,1.0
2019-10-07,184.580002,188.33999599999999,184.229996,184.330002,183.78509499999998,12024600,1.0
2019-10-08,180.639999,180.639999,176.5,177.229996,176.70606999999998,11110900,0.0
2019-10-09,180.320007,182.699997,179.16000400000001,180.71000700000002,180.175797,7310300,1.0
2019-10-10,180.619995,185.080002,180.41000400000001,183.029999,182.488922,7728100,1.0
2019-10-11,186.41000400000001,189.33999599999999,185.649994,185.990005,185.44017,11160100,1.0
2019-10-14,185.639999,187.369995,184.389999,186.529999,185.978577,5001000,1.0
2019-10-15,190.16000400000001,199.28999299999998,189.600006,196.369995,195.789474,16603100,1.0
2019-10-16,195.0,199.220001,193.75,194.21000700000002,193.63588000000001,10723600,0.0
2019-10-17,196.0,197.809998,192.100006,194.28999299999998,193.71563700000002,6585900,1.0
2019-10-18,194.309998,195.619995,187.5,190.490005,189.92688,7686000,0.0
2019-10-21,192.96000700000002,196.550003,192.199997,196.009995,195.430557,6546700,1.0
2019-10-22,198.300003,202.529999,195.300003,195.610001,195.031738,8218000,0.0
2019-10-23,192.309998,195.66000400000001,191.029999,195.08999599999999,194.513275,6997900,0.0
2019-10-24,196.75,198.21000700000002,195.380005,196.860001,196.27803,5800500,1.0
2019-10-25,200.100006,205.380005,199.78999299999998,204.53999299999998,203.935349,10577300,1.0
2019-10-28,206.300003,208.899994,205.119995,206.78999299999998,206.178696,8269800,1.0
2019-10-29,206.229996,206.490005,202.139999,202.919998,202.320114,5280900,0.0
2019-10-30,204.0,204.229996,200.259995,203.0,202.399902,5149000,1.0
2019-10-31,202.16000400000001,203.0,197.809998,201.020004,200.42576599999998,5243300,0.0
2019-11-01,199.600006,203.889999,198.58999599999999,202.58999599999999,201.991089,7091000,1.0
2019-11-04,205.850006,211.0,204.919998,210.5,209.87771600000002,9417900,1.0
2019-11-05,210.49000499999997,211.539993,207.679993,209.610001,208.990372,7521700,0.0
2019-11-06,208.639999,209.669998,204.110001,207.630005,207.016205,6725300,0.0
2019-11-07,211.11000099999998,211.69999700000002,206.53999299999998,208.33999599999999,207.724121,7008500,1.0
2019-11-08,207.66000400000001,209.050003,206.149994,207.779999,207.16575600000002,4727500,0.0
2019-11-11,207.75,209.110001,204.279999,208.179993,207.56456,6085900,1.0
2019-11-12,209.72000099999997,211.86000099999998,208.309998,209.610001,208.990372,7087600,1.0
2019-11-13,208.350006,209.46000700000002,205.899994,208.570007,207.953445,7504700,0.0
2019-11-14,208.929993,209.88000499999998,206.520004,209.789993,209.169815,12952000,1.0
2019-11-15,209.699997,211.77999900000003,200.639999,204.190002,203.58638,26340700,0.0
2019-11-18,203.889999,213.350006,203.770004,212.27999900000003,211.65245099999999,14364700,1.0
2019-11-19,211.02999900000003,211.979996,205.649994,207.990005,207.375153,10364100,0.0
2019-11-20,207.070007,214.55000299999998,206.559998,211.17999300000002,210.55571,11814700,1.0
2019-11-21,211.0,213.24000499999997,209.309998,210.17999300000002,209.55867,7209700,0.0
2019-11-22,211.08999599999999,212.960007,209.940002,210.88999900000002,210.266571,5602500,1.0
2019-11-25,216.039993,221.41000400000001,215.520004,221.210007,220.556091,12661900,1.0
2019-11-26,220.5,220.690002,216.74000499999997,217.0,216.358521,9631100,0.0
2019-11-27,218.669998,220.05000299999998,217.17999300000002,218.24000499999997,217.755402,5394600,1.0
2019-11-29,217.0,218.13999900000002,215.77999900000003,216.74000499999997,216.258728,3538900,0.0
2019-12-02,216.460007,217.0,208.639999,209.25,208.78537,9300900,0.0
2019-12-03,201.869995,207.820007,200.369995,207.66000400000001,207.198883,11630800,0.0
2019-12-04,211.020004,211.919998,208.270004,209.419998,208.954971,6835600,1.0
2019-12-05,210.30000299999998,210.92999300000002,207.509995,208.740005,208.27652,4622100,0.0
2019-12-06,211.520004,213.49000499999997,211.11999500000002,212.169998,211.698868,5805900,1.0
2019-12-09,211.25,214.36999500000002,210.899994,212.169998,211.698868,5297000,0.0
2019-12-10,213.38000499999998,216.059998,211.25999500000003,213.979996,213.504837,6409700,1.0
2019-12-11,214.399994,217.559998,214.30000299999998,217.33999599999999,216.857376,5844900,1.0
2019-12-12,216.17999300000002,224.80000299999998,215.82000699999998,224.07000699999998,223.57244900000003,10108700,1.0
2019-12-13,224.190002,228.979996,221.82000699999998,223.99000499999997,223.492645,11367600,0.0
2019-12-16,225.899994,228.059998,224.770004,225.149994,224.65004,8024400,1.0
2019-12-17,225.899994,229.19999700000002,225.520004,228.289993,227.78306600000002,8029900,1.0
2019-12-18,229.690002,231.940002,229.350006,229.50999500000003,229.000366,8588700,1.0
2019-12-19,230.899994,236.0,230.69999700000002,235.460007,234.93714900000003,11134000,1.0
2019-12-20,238.13000499999998,240.38999900000002,237.36000099999998,239.36999500000002,238.838486,15076100,1.0
2019-12-23,240.520004,241.809998,238.38999900000002,238.82000699999998,238.289673,8876500,0.0
2019-12-24,238.19999700000002,239.309998,236.82000699999998,238.61999500000002,238.09011800000002,3471600,0.0
2019-12-26,238.75999500000003,240.32000699999998,238.0,239.190002,238.658875,4571300,1.0
2019-12-27,239.80000299999998,240.33999599999999,235.809998,236.86999500000002,236.344025,6366100,0.0
2019-12-30,235.99000499999997,236.19999700000002,231.059998,232.32000699999998,231.804138,6451400,0.0
2019-12-31,230.899994,235.67999300000002,230.13000499999998,235.30000299999998,234.77749599999999,5775100,1.0
2020-01-02,238.75,239.91000400000001,236.72000099999997,239.91000400000001,239.37728900000002,5938400,1.0
2020-01-03,235.100006,237.830002,234.100006,236.07000699999998,235.545807,5134600,0.0
2020-01-06,232.32000699999998,237.270004,231.270004,237.059998,236.5336,6565900,1.0
2020-01-07,238.19999700000002,241.770004,236.38999900000002,239.92999300000002,239.39723199999997,7871400,1.0
2020-01-08,239.75999500000003,242.039993,238.149994,240.38000499999998,239.846237,6927700,1.0
2020-01-09,243.850006,245.92999300000002,240.86000099999998,243.020004,242.480377,6377800,1.0
2020-01-10,247.330002,248.55000299999998,243.75,244.32000699999998,243.77749599999999,7907400,1.0
2020-01-13,247.66000400000001,252.99000499999997,246.75,251.979996,251.420471,7996000,1.0
2020-01-14,250.25999500000003,251.27999900000003,246.75,247.27999900000003,246.730911,8977200,0.0
2020-01-15,247.789993,248.690002,244.52999900000003,245.57000699999998,245.024719,6577600,0.0
2020-01-16,247.72000099999997,249.169998,246.77999900000003,248.92999300000002,248.37721299999998,7104800,1.0
2020-01-17,249.69999700000002,250.0,247.36999500000002,249.27999900000003,248.726471,6344800,1.0
2020-01-21,247.809998,249.289993,246.57000699999998,247.940002,247.38943500000002,5447900,0.0
2020-01-22,249.75999500000003,253.58999599999999,249.0,250.11000099999998,249.554611,5981000,1.0
2020-01-23,251.72000099999997,253.19999700000002,248.149994,252.86000099999998,252.298508,6112900,1.0
2020-01-24,257.5,259.5,248.30000299999998,250.479996,249.923798,9337800,0.0
2020-01-27,238.24000499999997,242.25,232.229996,240.19999700000002,239.666611,11763400,0.0
2020-01-28,242.850006,249.270004,240.710007,247.97000099999997,247.419388,7774400,1.0
2020-01-29,247.38999900000002,248.83999599999999,243.940002,245.539993,244.99476600000003,6471200,0.0
2020-01-30,241.61000099999998,246.350006,239.399994,245.809998,245.26416,7262600,1.0
2020-01-31,243.97000099999997,244.44999700000002,234.75,236.42999300000002,235.90499900000003,9260500,0.0
2020-02-03,235.69999700000002,241.11000099999998,235.44999700000002,240.330002,239.796341,6389100,1.0
2020-02-04,246.02999900000003,247.899994,244.020004,247.13000499999998,246.58125299999998,6788600,1.0
2020-02-05,251.99000499999997,252.399994,247.41000400000001,250.75999500000003,250.203186,5205500,1.0
2020-02-06,252.13999900000002,254.25,248.88000499999998,254.25,253.685425,5457100,1.0
2020-02-07,252.63999900000002,253.52999900000003,250.57000699999998,251.58999599999999,251.031342,4743800,0.0
2020-02-10,252.5,263.0,252.30000299999998,262.97000099999997,262.386047,13240200,1.0
2020-02-11,267.320007,272.5,264.829987,267.890015,267.295135,15963900,1.0
2020-02-12,270.01001,272.799988,268.450012,272.540009,271.934814,9366100,1.0
2020-02-13,270.209991,273.480011,269.109985,270.77999900000003,270.17877200000004,13200400,0.0
2020-02-14,287.26001,294.97000099999997,286.0,289.790009,289.14651499999997,26048100,1.0
2020-02-18,285.640015,297.309998,284.859985,296.570007,295.911469,15504100,1.0
2020-02-19,301.48999,315.410004,301.48999,314.700012,314.00119,17358300,1.0
2020-02-20,312.769989,316.320007,296.350006,308.700012,308.014526,20251300,0.0
2020-02-21,304.190002,305.200012,290.660004,294.070007,293.41705299999995,19204500,0.0
2020-02-24,270.190002,281.869995,268.0,273.27999900000003,272.673157,21422900,0.0
2020-02-25,276.299988,278.790009,257.959991,262.049988,261.468079,26387400,0.0
2020-02-26,262.059998,275.450012,262.0,267.649994,267.05566400000004,18693300,1.0
2020-02-27,254.899994,267.0,248.88999900000002,252.600006,252.18983500000002,22660400,0.0
2020-02-28,242.460007,272.459991,241.789993,270.070007,269.6315,28331300,1.0
2020-03-02,276.899994,277.589996,261.0,276.429993,275.98114,22268600,1.0
2020-03-03,278.670013,281.070007,262.459991,265.890015,265.458282,16319800,0.0
2020-03-04,270.200012,284.890015,267.200012,284.51001,284.048035,14935200,1.0
2020-03-05,276.5,283.200012,271.5,273.290009,272.846283,13508200,0.0
2020-03-06,266.079987,268.390015,258.0,266.040009,265.608032,12885300,0.0
2020-03-09,239.899994,259.399994,238.17999300000002,245.440002,245.041489,15354000,0.0
2020-03-10,256.540009,261.079987,245.99000499999997,261.079987,260.65609700000005,14516200,1.0
2020-03-11,255.460007,256.600006,242.57000699999998,246.47000099999997,246.069809,12499100,0.0
2020-03-12,225.460007,236.11999500000002,215.80000299999998,216.309998,215.95877099999998,20413500,0.0
2020-03-13,230.5,241.020004,219.61000099999998,240.83999599999999,240.44894399999998,15870900,1.0
2020-03-16,212.41000400000001,226.100006,194.0,196.399994,196.0811,18174300,0.0
2020-03-17,200.91000400000001,220.86000099999998,191.0,217.270004,216.91722099999998,20840800,1.0
2020-03-18,200.100006,209.940002,180.679993,202.820007,202.49070700000001,21856700,0.0
2020-03-19,201.96000700000002,216.729996,193.389999,212.97000099999997,212.62419100000002,19137800,1.0
2020-03-20,219.0,230.32000699999998,205.130005,205.75,205.415924,20115900,0.0
2020-03-23,205.71000700000002,216.479996,198.520004,212.690002,212.344635,16096900,1.0
2020-03-24,229.0,252.66000400000001,228.05000299999998,249.17999300000002,248.775375,27541100,1.0
2020-03-25,253.80000299999998,261.820007,243.66000400000001,245.61999500000002,245.22117599999999,19835800,0.0
2020-03-26,253.940002,262.22000099999997,250.0,257.23999,256.822266,17402700,1.0
2020-03-27,250.0,263.119995,248.67999300000002,252.729996,252.31962599999997,15970700,0.0
2020-03-30,255.36000099999998,265.959991,253.58999599999999,265.589996,265.158783,15056300,1.0
2020-03-31,267.200012,275.399994,257.75,263.600006,263.17199700000003,23749000,0.0
2020-04-01,255.649994,261.52999900000003,241.27999900000003,243.07000699999998,242.675323,16422800,0.0
2020-04-02,244.24000499999997,256.0,242.309998,255.47000099999997,255.055191,16894100,1.0
2020-04-03,253.960007,255.63000499999998,238.38999900000002,243.91000400000001,243.51396200000002,16580300,0.0
2020-04-06,255.24000499999997,269.880005,252.92999300000002,268.399994,267.964203,18197100,1.0
2020-04-07,277.299988,278.25,257.299988,259.02999900000003,258.60943599999996,19613000,0.0
2020-04-08,263.410004,267.950012,260.600006,266.950012,266.516541,13561100,1.0
2020-04-09,272.0,272.920013,260.420013,262.950012,262.523071,13139100,0.0
2020-04-13,260.549988,270.200012,257.0,269.850006,269.411865,9960200,1.0
2020-04-14,275.0,285.320007,273.890015,283.950012,283.488953,13273700,1.0
2020-04-15,277.200012,284.170013,275.380005,280.839996,280.384003,9153700,0.0
2020-04-16,287.079987,299.0,286.549988,294.700012,294.221497,18640500,1.0
2020-04-17,298.0,298.859985,286.940002,292.320007,291.845367,13478000,0.0
2020-04-20,287.23999,293.5,285.269989,287.049988,286.583893,11234700,0.0
2020-04-21,282.309998,284.769989,267.109985,269.51001,269.072388,18379000,0.0
2020-04-22,277.230011,287.869995,275.399994,286.149994,285.685364,12083900,1.0
2020-04-23,287.839996,293.140015,283.0,284.01001,283.548859,10604000,0.0
2020-04-24,283.600006,289.670013,280.600006,289.589996,289.119781,8808200,1.0
2020-04-27,294.98999,303.5,294.0,297.079987,296.597595,11984700,1.0
2020-04-28,303.0,304.200012,291.140015,291.359985,290.886902,11072600,0.0
2020-04-29,296.769989,300.579987,293.75,298.459991,297.975372,9479000,1.0
2020-04-30,296.290009,298.459991,291.72000099999997,292.27999900000003,291.805389,9397900,0.0
2020-05-01,284.350006,288.899994,280.839996,282.77999900000003,282.32086200000003,8552400,0.0
2020-05-04,280.880005,291.839996,280.880005,291.290009,290.817047,7938900,1.0
2020-05-05,295.47000099999997,300.269989,291.290009,293.73999,293.263031,9222400,1.0
2020-05-06,296.929993,302.0,295.410004,297.790009,297.306488,8086600,1.0
2020-05-07,303.380005,307.410004,301.320007,304.869995,304.374969,9343300,1.0
2020-05-08,307.75,312.75,306.390015,312.5,311.992615,8480400,1.0
2020-05-11,312.299988,324.5,311.149994,322.619995,322.096161,11726500,1.0
2020-05-12,324.940002,326.899994,311.709991,312.100006,311.59326200000004,12326500,0.0
2020-05-13,316.700012,323.140015,303.790009,311.200012,310.694672,15646300,0.0
2020-05-14,313.670013,321.440002,307.5,321.22000099999997,320.698425,15057800,1.0
2020-05-15,315.589996,340.019989,314.959991,339.630005,339.078552,24691500,1.0
2020-05-18,350.420013,356.660004,347.22000099999997,350.01001,349.441711,19361500,1.0
2020-05-19,351.609985,363.5,350.51001,352.22000099999997,351.648132,17933000,1.0
2020-05-20,359.640015,361.72000099999997,355.549988,358.799988,358.217377,14688400,1.0
2020-05-21,362.059998,362.100006,349.5,351.01001,350.440094,19026700,0.0
2020-05-22,353.01001,363.72000099999997,348.52999900000003,361.049988,360.463715,25969100,1.0
2020-05-26,366.269989,367.269989,346.880005,348.709991,348.143768,19269500,0.0
2020-05-27,345.0,345.309998,319.869995,341.01001,340.456299,29397300,0.0
2020-05-28,336.48999,350.420013,335.170013,339.480011,338.928802,18372400,0.0
2020-05-29,342.179993,355.019989,339.399994,355.019989,354.443542,18631400,1.0
2020-06-01,353.329987,353.630005,347.579987,352.25,351.67804,9746900,0.0
2020-06-02,351.850006,353.48999,346.320007,353.01001,352.436829,9783000,1.0
2020-06-03,352.890015,354.649994,348.0,350.77999900000003,350.210419,9136000,0.0
2020-06-04,349.119995,357.730011,347.100006,350.660004,350.25036600000004,10607000,0.0
2020-06-05,351.77999900000003,359.880005,348.320007,356.799988,356.38320899999997,12043700,1.0
2020-06-08,355.089996,355.589996,347.429993,352.200012,351.78860499999996,9693400,0.0
2020-06-09,352.0,364.390015,350.049988,361.839996,361.417328,11712200,1.0
2020-06-10,366.709991,380.0,366.140015,374.670013,374.23236099999997,15804500,1.0
2020-06-11,366.0,370.450012,351.440002,351.850006,351.43902599999996,14591300,0.0
2020-06-12,366.5,367.48999,348.130005,357.299988,356.882599,14272700,1.0
2020-06-15,352.609985,367.290009,349.75,366.950012,366.521393,10000100,1.0
2020-06-16,369.0,370.670013,353.549988,362.73999,362.316315,13392900,0.0
2020-06-17,364.549988,371.959991,362.809998,369.440002,369.008453,10207600,1.0
2020-06-18,369.079987,371.299988,364.579987,368.72000099999997,368.289307,6360200,0.0
2020-06-19,369.700012,377.799988,369.089996,370.450012,370.017273,13104000,1.0
2020-06-22,372.0,381.25,370.929993,381.070007,380.62484700000005,9961700,1.0
2020-06-23,382.040009,385.700012,376.299988,378.0,377.558441,9377700,0.0
2020-06-24,379.049988,382.26001,365.77999900000003,369.420013,368.988464,11234300,0.0
2020-06-25,374.230011,380.200012,367.290009,379.600006,379.15661600000004,9401800,1.0
2020-06-26,380.0,380.0,365.0,366.200012,365.772278,14802100,0.0
2020-06-29,366.790009,368.179993,356.0,368.0,367.570129,8556200,1.0
2020-06-30,372.559998,381.049988,370.660004,379.910004,379.466248,9197300,1.0
2020-07-01,380.829987,383.02999900000003,376.519989,381.200012,380.75473,8166200,1.0
2020-07-02,385.559998,389.5,383.130005,384.48999,384.040863,9101400,1.0
2020-07-06,389.670013,396.350006,388.5,393.570007,393.11026,7897300,1.0
2020-07-07,397.850006,402.799988,394.02999900000003,394.869995,394.408722,8945000,1.0
2020-07-08,399.75,409.0,398.619995,408.640015,408.162689,9137000,1.0
2020-07-09,415.209991,422.799988,409.339996,420.35998499999994,419.868958,12363700,1.0
2020-07-10,423.549988,426.209991,415.149994,419.170013,418.680389,12441900,0.0
2020-07-13,423.799988,431.69000199999994,401.0,402.089996,401.6203,11426900,0.0
2020-07-14,403.0,416.109985,391.420013,415.079987,414.595123,13566900,1.0
2020-07-15,416.570007,417.320007,402.230011,409.089996,408.612152,10099600,0.0
2020-07-16,400.600006,408.269989,395.820007,405.390015,404.916443,8624100,0.0
2020-07-17,409.019989,409.940002,403.51001,408.059998,407.583313,6657100,1.0
2020-07-20,410.97000099999997,421.25,406.269989,420.42999299999997,419.938904,7121300,1.0
2020-07-21,420.51998899999995,422.39999400000005,411.47000099999997,413.140015,412.65741,6925900,0.0
2020-07-22,414.700012,424.10000599999995,411.660004,417.549988,417.062256,9182300,1.0
2020-07-23,418.0,421.880005,401.25,405.190002,404.716705,10291500,0.0
2020-07-24,395.0,414.589996,391.079987,407.77999900000003,407.30368,11832300,1.0
2020-07-27,409.290009,417.670013,408.709991,416.859985,416.37304700000004,7303300,1.0
2020-07-28,414.97000099999997,415.27999900000003,408.369995,408.619995,408.1427,6790900,0.0
2020-07-29,415.630005,420.64999400000005,413.880005,418.619995,418.131012,7112700,1.0
2020-07-30,415.0,424.920013,411.809998,424.55999800000006,424.06408700000003,7722000,1.0
2020-07-31,422.52999900000003,430.660004,417.320007,424.589996,424.094025,9652000,1.0
2020-08-03,429.299988,443.950012,428.60998499999994,440.410004,439.895569,10318000,1.0
2020-08-04,442.0,449.10998499999994,436.23999000000003,449.10998499999994,448.585358,7758400,1.0
2020-08-05,449.76000999999997,454.869995,446.64999400000005,451.47000099999997,450.94265700000005,6248100,1.0
2020-08-06,453.98999000000003,454.32000700000003,447.14999400000005,453.420013,452.89038099999993,6107900,1.0
2020-08-07,452.5,460.19000199999994,441.5,447.98001100000005,447.456726,8562900,0.0
2020-08-10,453.369995,456.329987,434.26000999999997,446.60000599999995,446.078308,10694900,0.0
2020-08-11,442.950012,445.47000099999997,431.829987,434.0,433.49307300000004,8862800,0.0
2020-08-12,439.630005,458.67999299999997,438.329987,457.60998499999994,457.07547,11610300,1.0
2020-08-13,461.839996,468.869995,454.23001100000005,457.72000099999997,457.185364,9361500,1.0
2020-08-14,461.200012,468.19000199999994,457.619995,462.55999800000006,462.019653,9160900,1.0
2020-08-17,474.049988,496.39001500000006,472.69000199999994,493.48001100000005,492.903534,15532500,1.0
2020-08-18,498.0,499.839996,483.450012,490.42999299999997,489.857117,12586200,0.0
2020-08-19,491.85998499999994,492.60000599999995,483.920013,485.540009,484.97283899999996,15565600,0.0
2020-08-20,479.0,495.0,475.14999400000005,485.64001500000006,485.07272300000005,23034700,1.0
2020-08-21,488.07000700000003,512.349976,487.80999800000006,507.339996,506.747375,24996700,1.0
2020-08-24,515.349976,516.5,500.299988,508.80999800000006,508.215637,12264100,1.0
2020-08-25,505.23001100000005,510.450012,502.950012,510.0,509.404266,7226900,1.0
2020-08-26,511.97000099999997,514.73999,507.10998499999994,510.920013,510.323181,8031100,1.0
2020-08-27,511.26000999999997,514.0,502.660004,505.130005,504.539978,7940100,0.0
2020-08-28,507.0,525.919983,505.700012,525.909973,525.2955929999999,13429000,1.0
2020-08-31,527.3099980000001,543.0,521.51001,534.97998,534.355103,12521000,1.0
2020-09-01,539.200012,559.75,537.460022,552.840027,552.3594360000001,12782900,1.0
2020-09-02,588.150024,589.070007,556.0,573.8599849999999,573.3612059999999,21850300,1.0
2020-09-03,553.150024,555.380005,515.150024,520.619995,520.167419,23628200,0.0
2020-09-04,511.35000599999995,527.0,468.19000199999994,504.89999400000005,504.461121,36592100,0.0
2020-09-08,469.380005,502.0,468.170013,476.51998899999995,476.105774,19893200,0.0
2020-09-09,496.0,512.369995,489.26998899999995,508.60000599999995,508.15789800000005,18405000,1.0
2020-09-10,519.570007,522.6099849999999,486.67999299999997,492.47000099999997,492.041931,17467100,0.0
2020-09-11,499.420013,506.10000599999995,475.829987,486.579987,486.157013,15923200,0.0
2020-09-14,523.23999,532.599976,505.25,514.8900150000001,514.442444,30043600,1.0
2020-09-15,531.200012,531.950012,513.1099849999999,519.6400150000001,519.1882929999999,18188900,1.0
2020-09-16,518.289978,523.710022,500.549988,500.579987,500.14483600000005,13909600,0.0
2020-09-17,485.290009,503.589996,481.39001500000006,498.540009,498.106628,19812800,0.0
2020-09-18,503.75,505.299988,479.549988,487.57000700000003,487.146179,17461500,0.0
2020-09-21,477.0,500.89999400000005,476.17999299999997,500.69000199999994,500.25476100000003,18026100,1.0
2020-09-22,503.0,505.920013,486.22000099999997,505.51000999999997,505.070587,16161300,1.0
2020-09-23,503.01998899999995,509.079987,483.170013,484.950012,484.528442,16175300,0.0
2020-09-24,482.89001500000006,502.77999900000003,480.55999800000006,493.920013,493.490662,18281000,1.0
2020-09-25,497.89999400000005,515.340027,489.829987,514.950012,514.502441,14700400,1.0
2020-09-28,521.6099849999999,522.070007,510.0,521.400024,520.946716,14345200,1.0
2020-09-29,517.5,537.710022,517.330017,529.030029,528.57019,15536500,1.0
2020-09-30,526.299988,544.900024,526.01001,541.219971,540.749512,17229600,1.0
2020-10-01,550.320007,550.51001,538.429993,544.580017,544.106567,13125100,1.0
2020-10-02,529.0,540.780029,522.039978,522.48999,522.035767,13812400,0.0
2020-10-05,529.4400019999999,545.77002,528.909973,545.700012,545.225647,11995500,1.0
2020-10-06,553.200012,565.679993,546.599976,549.460022,548.9824219999999,19610500,1.0
2020-10-07,559.98999,564.77002,554.539978,558.5599980000001,558.074463,10452100,1.0
2020-10-08,563.0,563.380005,550.320007,553.549988,553.068848,9472500,0.0
2020-10-09,550.679993,552.969971,546.429993,550.51001,550.0314940000001,8672300,0.0
2020-10-12,559.580017,573.880005,556.5,569.039978,568.545349,10868600,1.0
2020-10-13,571.8599849999999,573.9400019999999,560.75,569.929993,569.43457,8615100,1.0
2020-10-14,571.619995,573.710022,558.400024,563.8099980000001,563.319885,6902500,0.0
2020-10-15,552.429993,560.22998,550.710022,558.799988,558.31427,6680600,0.0
2020-10-16,561.469971,564.8599849999999,551.700012,552.460022,551.979797,6059800,0.0
2020-10-19,556.119995,559.340027,536.27002,539.909973,539.4406740000001,7451700,0.0
2020-10-20,543.340027,551.98999,540.280029,545.820007,545.34552,5730300,1.0
2020-10-21,545.0,551.659973,539.099976,540.98999,540.519775,5489900,0.0
2020-10-22,540.900024,544.469971,529.27002,534.4400019999999,533.975403,7262000,0.0
2020-10-23,538.0,543.72998,531.650024,543.6099849999999,543.1374509999999,5837100,1.0
2020-10-26,537.080017,547.710022,521.539978,525.650024,525.193054,8422400,0.0
2020-10-27,532.23999,537.679993,527.659973,535.869995,535.404175,6263000,1.0
2020-10-28,527.919983,530.400024,504.35998499999994,505.079987,504.64092999999997,9413000,0.0
2020-10-29,513.539978,527.710022,510.0,520.960022,520.507202,8002000,1.0
2020-10-30,514.0,517.460022,492.0,501.35998499999994,500.92416399999996,10420500,0.0
2020-11-02,506.30999800000006,513.469971,495.799988,503.23001100000005,502.79257199999995,7491300,1.0
2020-11-03,508.339996,524.200012,504.10998499999994,520.780029,520.3273320000001,6822500,1.0
2020-11-04,535.570007,553.099976,533.47998,551.77002,551.290405,10255700,1.0
2020-11-05,566.5,573.5599980000001,559.6400150000001,566.400024,565.907715,7975700,1.0
2020-11-06,564.3900150000001,583.549988,555.799988,582.47998,581.9736330000001,9583700,1.0
2020-11-09,582.099976,587.659973,544.429993,545.22998,544.756042,14574400,0.0
2020-11-10,544.26001,544.26001,505.130005,510.799988,510.35595700000005,16101700,0.0
2020-11-11,522.150024,537.400024,517.929993,536.719971,536.253418,10118600,1.0
2020-11-12,539.159973,550.6400150000001,532.6400150000001,538.27002,537.802124,9145300,1.0
2020-11-13,545.090027,546.75,522.369995,531.880005,531.417664,8657800,0.0
2020-11-16,526.900024,545.97998,526.23999,540.6099849999999,540.140076,10344400,1.0
2020-11-17,542.099976,543.849976,532.150024,536.8900150000001,536.42334,7800700,0.0
2020-11-18,538.6099849999999,544.22998,527.400024,537.150024,536.683044,12773100,1.0
2020-11-19,528.51001,539.5,524.0,537.6099849999999,537.1427,14148400,1.0
2020-11-20,538.159973,539.780029,522.599976,523.51001,523.054871,8527200,0.0
2020-11-23,526.849976,535.299988,520.619995,525.599976,525.1431269999999,9033900,1.0
2020-11-24,525.700012,526.47998,515.400024,518.3099980000001,517.8594360000001,8662500,0.0
2020-11-25,521.299988,530.780029,520.799988,529.3900150000001,528.92981,6497900,1.0
2020-11-27,535.0,536.299988,526.820007,530.450012,529.988892,4181900,1.0
2020-11-30,530.599976,536.5,518.8900150000001,536.0599980000001,535.5939940000001,7173800,1.0
2020-12-01,539.6900019999999,541.150024,529.130005,535.599976,535.134399,7423700,0.0
2020-12-02,534.02002,546.9400019999999,529.369995,541.780029,541.309082,7084000,1.0
2020-12-03,543.5,546.400024,533.159973,535.840027,535.5324099999999,4988000,0.0
2020-12-04,537.9400019999999,542.400024,535.549988,542.330017,542.0186769999999,5056100,1.0
2020-12-07,544.049988,549.25,540.0,544.27002,543.957581,5581100,1.0
2020-12-08,543.400024,543.950012,531.26001,534.0,533.6934200000001,6798000,0.0
2020-12-09,532.02002,536.5599980000001,514.72998,517.22998,516.933044,10032500,0.0
2020-12-10,514.76001,522.75,513.97998,518.8900150000001,518.592163,5194100,1.0
2020-12-11,518.6900019999999,520.799988,512.919983,520.530029,520.2312009999999,5231600,1.0
2020-12-14,523.52002,535.549988,523.099976,532.349976,532.044312,6753900,1.0
2020-12-15,537.590027,538.5599980000001,527.469971,534.419983,534.1132200000001,4825400,1.0
2020-12-16,536.900024,537.48999,528.5,529.700012,529.395874,5577900,0.0
2020-12-17,534.669983,535.179993,527.1400150000001,533.650024,533.3436280000001,5784600,1.0
2020-12-18,535.159973,536.200012,522.820007,530.880005,530.575256,8551600,0.0
2020-12-21,522.98999,534.799988,518.700012,533.289978,532.983826,7558300,1.0
2020-12-22,532.77002,533.48999,522.159973,531.130005,530.8250730000001,4639500,0.0
2020-12-23,530.23999,531.0,520.200012,520.369995,520.071228,4478600,0.0
2020-12-24,521.48999,525.299988,517.549988,519.75,519.45166,2447100,0.0
2020-12-28,522.5,522.5,510.52999900000003,516.0,515.703796,5314100,0.0
2020-12-29,517.0,522.900024,513.6900019999999,517.72998,517.432739,4259300,1.0
2020-12-30,519.6099849999999,528.549988,515.869995,525.830017,525.528137,5634900,1.0
2020-12-31,525.460022,526.039978,516.599976,522.200012,521.900208,4810600,0.0
